id,first_name,last_name,email,gender,creditcard_number,address
1,Harwilll,Reeve,hreeve0@wired.com,Male,5002351435591205,07333 Cherokee Point
2,Alvinia,Lemerle,alemerle1@clickbank.net,Genderfluid,5002357881606991,4 Arapahoe Alley
3,Amity,Claisse,aclaisse2@phpbb.com,Female,5602242000806553,62376 Tomscot Drive
4,Nikolas,McGonagle,nmcgonagle3@homestead.com,Bigender,3586514414588422,95 Tomscot Parkway
5,Cynthie,Hexter,chexter4@4shared.com,Female,4026599083039076,0 Annamark Circle
6,Orel,Zieme,ozieme5@comsenz.com,Female,5602241326654911,70622 Blaine Road
7,Jarvis,Keely,jkeely6@devhub.com,Male,5100174379991111,63 Kim Circle
8,Damara,Alabaster,dalabaster7@ifeng.com,Female,3556799441238317,56 Coolidge Circle
9,Norean,Dowell,ndowell8@quantcast.com,Non-binary,337941657486329,11159 Thackeray Point
10,Dede,Ramsden,dramsden9@plala.or.jp,Female,6379131895066424,3853 Monica Park
11,Maribel,Sterrie,msterriea@amazon.com,Female,5476939430787971,39 Eliot Terrace
12,Caterina,Haukey,chaukeyb@pbs.org,Female,201709732417566,9313 Eggendart Center
13,Haily,Millmore,hmillmorec@smh.com.au,Female,6304548394111783,477 Bayside Park
14,Mercie,Ferrierio,mferrieriod@dropbox.com,Female,3557383555720003,782 Comanche Place
15,Martina,Corssen,mcorssene@state.gov,Female,6334762461237058,91 Pepper Wood Avenue
16,Muire,Blethyn,mblethynf@lulu.com,Female,3568984369696086,931 Village Green Road
17,Joshua,Witherspoon,jwitherspoong@tripadvisor.com,Male,3535127494079287,4 Moose Trail
18,Arch,Yokley,ayokleyh@pbs.org,Male,3581760986777985,14636 Fieldstone Parkway
19,Wynnie,Levicount,wlevicounti@issuu.com,Female,3537377404246819,4 Canary Alley
20,Mathew,McMurty,mmcmurtyj@deliciousdays.com,Male,3559855447243961,7614 Bobwhite Lane
21,Dallas,Dregan,ddregank@indiatimes.com,Male,4913278419400403,63 Declaration Parkway
22,Theo,Scemp,tscempl@latimes.com,Male,5002355085040017,2191 Heffernan Terrace
23,Lion,Kruschov,lkruschovm@pcworld.com,Male,3549598292111262,0005 Trailsway Avenue
24,Burton,Probate,bprobaten@economist.com,Male,3561641612001467,6 Burning Wood Plaza
25,Lyndell,Lukock,llukocko@un.org,Female,30370145268315,98446 Mifflin Court
26,Hilarius,Cicccitti,hcicccittip@sogou.com,Polygender,670671541176629799,059 Anhalt Hill
27,Cecilius,Sturr,csturrq@cbsnews.com,Male,3529365095612365,4 Sauthoff Hill
28,Richmond,Pavyer,rpavyerr@free.fr,Male,5241061023912371,0644 Eagan Trail
29,Blythe,Galway,bgalways@si.edu,Female,5383504174798949,01 Eggendart Avenue
30,Myer,Eschelle,meschellet@vimeo.com,Male,3567195825584029,21 Brentwood Court
31,Dal,Garken,dgarkenu@mayoclinic.com,Male,5100172359885667,08 Westend Crossing
32,Gino,Hedney,ghedneyv@over-blog.com,Male,5602257461079144,65 Blackbird Plaza
33,Susi,Peagram,speagramw@surveymonkey.com,Female,3560114290475271,24351 Green Ridge Road
34,Chancey,Fair,cfairx@umich.edu,Male,3544436892132971,53204 Kedzie Way
35,Yvor,Henlon,yhenlony@mozilla.com,Male,5610274070935954,047 Jay Circle
36,Flory,Ledger,fledgerz@eventbrite.com,Female,5610895429001948,4572 Gateway Drive
37,Ellswerth,Littefair,elittefair10@tripadvisor.com,Male,5179604115832548,8 International Park
38,Bert,Medling,bmedling11@soup.io,Female,4044139799866872,9223 Quincy Place
39,Farrel,Tanswill,ftanswill12@technorati.com,Male,3574047603101875,6 Helena Drive
40,Reinhard,Mars,rmars13@miitbeian.gov.cn,Male,372301563723958,899 Fallview Junction
41,Luciano,Cominoli,lcominoli14@nbcnews.com,Male,3580507172543973,4 Caliangt Alley
42,Neale,Northeast,nnortheast15@nifty.com,Male,3570769558961094,2 Red Cloud Terrace
43,Aksel,Allsebrook,aallsebrook16@diigo.com,Male,3566060475684217,041 Beilfuss Terrace
44,Rona,Dowell,rdowell17@1und1.de,Female,5602255664476984,3026 Springs Drive
45,Ardene,Mattioni,amattioni18@barnesandnoble.com,Female,3529776463786997,921 Ryan Parkway
46,Herold,Messingham,hmessingham19@meetup.com,Male,6333851493493564,4 Shoshone Court
47,Waiter,Seaborne,wseaborne1a@goodreads.com,Male,201884978041881,46 Tennessee Alley
48,Anitra,Creamen,acreamen1b@bloglines.com,Female,6762148206775282994,75 Walton Crossing
49,Jonathan,Greetham,jgreetham1c@flickr.com,Male,5100144865394211,9191 Heath Hill
50,Davide,Potier,dpotier1d@lulu.com,Agender,30264609057761,54283 Laurel Court
51,Leone,Mainston,lmainston1e@ow.ly,Female,3529341785483813,8 Kenwood Hill
52,Odette,Cromblehome,ocromblehome1f@gravatar.com,Female,5048370475610721,125 Butternut Center
53,Westbrooke,Ridgwell,wridgwell1g@shareasale.com,Genderqueer,30316149072369,7 Ruskin Terrace
54,Mickie,Gulleford,mgulleford1h@go.com,Male,5602216040226949,6 Brentwood Pass
55,Lyssa,Lugg,llugg1i@noaa.gov,Female,675940546527822864,82 Dottie Place
56,Trixi,Cone,tcone1j@uol.com.br,Female,3544413685005268,96968 Drewry Avenue
57,Reta,Caustic,rcaustic1k@a8.net,Female,201960220352241,65822 Arizona Junction
58,Dalila,Hammerberger,dhammerberger1l@naver.com,Female,3546501155539713,27 Sloan Junction
59,Denis,Suddick,dsuddick1m@deviantart.com,Male,503882019867567931,281 Prairieview Drive
60,Isadore,Woodrup,iwoodrup1n@sohu.com,Male,30140760377133,832 Dennis Road
61,Benedict,Maro,bmaro1o@bing.com,Male,3549816091100546,08682 Victoria Road
62,Drugi,ducarme,dducarme1p@hao123.com,Male,30584219241889,94 Village Green Plaza
63,Titus,Cully,tcully1q@mapy.cz,Male,502024732145346990,8989 Merrick Pass
64,Page,Benns,pbenns1r@yellowpages.com,Male,30427799111165,783 Eagan Lane
65,Sammie,Farnaby,sfarnaby1s@paginegialle.it,Male,5610302054526844,64034 Elmside Circle
66,Collie,Easey,ceasey1t@privacy.gov.au,Female,30025267922129,7423 4th Crossing
67,Christiane,Strode,cstrode1u@pagesperso-orange.fr,Female,3532988520475762,5 Vernon Terrace
68,Killie,Masser,kmasser1v@mayoclinic.com,Male,5428443240692306,588 Little Fleur Junction
69,Frants,Sunter,fsunter1w@usnews.com,Male,5602256430663517,94 La Follette Circle
70,Sela,August,saugust1x@marketwatch.com,Female,5602259005819498,304 Twin Pines Terrace
71,Barde,Gauvain,bgauvain1y@timesonline.co.uk,Male,3545464397581244,02315 Pepper Wood Street
72,Robert,Gorries,rgorries1z@comsenz.com,Male,675996034748921180,3 Harbort Court
73,Christi,Hakonsson,chakonsson20@arizona.edu,Polygender,30585679514988,407 Forest Run Point
74,Percival,Lagneaux,plagneaux21@xing.com,Male,4936917663884761,3591 Dexter Avenue
75,Rosabel,Chishull,rchishull22@goo.ne.jp,Female,201728410888104,429 5th Pass
76,Venita,Mewis,vmewis23@dion.ne.jp,Female,3589041923431305,21 Glendale Hill
77,Etienne,Justham,ejustham24@xing.com,Male,5602255463720566,67 Sage Road
78,Ferdie,Gomm,fgomm25@fda.gov,Male,4508989163527073,63 Twin Pines Alley
79,Rosana,Ballister,rballister26@narod.ru,Female,3571193583850025,883 Meadow Ridge Center
80,Baily,Barends,bbarends27@lulu.com,Male,4917184197733419,52043 Dawn Hill
81,Raul,Coldtart,rcoldtart28@youtu.be,Male,6391568244464715,1 Oakridge Lane
82,Claybourne,Petrushkevich,cpetrushkevich29@usda.gov,Male,6377366475847221,5 Lien Alley
83,Anthony,Hulett,ahulett2a@so-net.ne.jp,Male,3588060088309776,1056 Dapin Center
84,Van,Rigolle,vrigolle2b@people.com.cn,Male,630471404672860606,250 Westend Hill
85,Bartram,Scamp,bscamp2c@squarespace.com,Male,3544933508548772,942 Thierer Center
86,Brynn,Spowart,bspowart2d@google.com,Female,560221839717712902,62 Jay Trail
87,Cozmo,Pound,cpound2e@cnn.com,Male,3557988466137178,23 Michigan Junction
88,Myer,Scopes,mscopes2f@scribd.com,Male,30328151861886,85430 Milwaukee Place
89,Barton,Voules,bvoules2g@vimeo.com,Male,3535013160346236,728 Jana Court
90,Kennan,Goodbar,kgoodbar2h@virginia.edu,Male,3562187902512077,1 Namekagon Parkway
91,Judith,Rispin,jrispin2i@si.edu,Female,3537182803742099,5 Reinke Avenue
92,Skippie,Chinge de Hals,schingedehals2j@usa.gov,Male,589300487673033500,4 2nd Circle
93,Crosby,Habbin,chabbin2k@usa.gov,Male,3563297970395450,9 Stang Alley
94,Delano,Soltan,dsoltan2l@google.pl,Agender,4844865211970296,053 Moulton Junction
95,Aluino,Kropp,akropp2m@diigo.com,Male,3562069407690527,580 Bluejay Way
96,Perle,Ebbrell,pebbrell2n@tinypic.com,Genderfluid,4913674305422784,25801 Tennyson Park
97,Cathleen,Cottage,ccottage2o@vinaora.com,Female,3573385595477486,5 Sugar Lane
98,Walton,Richten,wrichten2p@engadget.com,Male,3570873743063418,98134 Pierstorff Court
99,Golda,Farr,gfarr2q@nationalgeographic.com,Female,5525841110697002,79828 Knutson Junction
100,Eve,Hollyer,ehollyer2r@google.cn,Female,3566510041760677,56 Utah Center
101,Osborn,Hillum,ohillum2s@facebook.com,Male,201888396247392,291 Ilene Drive
102,Fin,Sarton,fsarton2t@jigsy.com,Male,3551454559688342,2 Straubel Lane
103,Zolly,Sacker,zsacker2u@hugedomains.com,Male,4405817444348676,104 Golf Place
104,Rockwell,Yakubovics,ryakubovics2v@biblegateway.com,Bigender,4216485067608518,62414 Dryden Trail
105,Normy,Itzkowicz,nitzkowicz2w@msn.com,Male,6767788439555617816,62 Westridge Hill
106,Gertrud,Skerman,gskerman2x@geocities.jp,Female,63047295744366237,215 Fieldstone Park
107,Marline,Earney,mearney2y@trellian.com,Female,5602252432982948,2622 Mesta Street
108,Morganica,Symers,msymers2z@ameblo.jp,Female,4911288789723062,13240 Goodland Place
109,Eric,Dimitrescu,edimitrescu30@cloudflare.com,Male,377932004805882,2 Veith Trail
110,Oriana,Norton,onorton31@opera.com,Female,374288452920902,44851 Valley Edge Hill
111,Erny,Burdell,eburdell32@istockphoto.com,Genderqueer,36038236213151,21000 Monterey Court
112,Muffin,Sharpley,msharpley33@flickr.com,Female,3579911672180257,81986 Darwin Park
113,Herculie,Squirrell,hsquirrell34@businessinsider.com,Male,4913593107002646,9844 Welch Park
114,Bax,Rosenshine,brosenshine35@hhs.gov,Male,3551363069542552,28 Meadow Vale Way
115,Olive,Brelsford,obrelsford36@bloglines.com,Female,4041379730641,107 Helena Street
116,Tobin,Eastes,teastes37@dailymail.co.uk,Male,3554922142475242,082 Crescent Oaks Junction
117,Niall,Yeardsley,nyeardsley38@nsw.gov.au,Male,3577372632338133,15850 Cardinal Court
118,Lammond,Loxdale,lloxdale39@macromedia.com,Male,3574579449298457,3457 Talisman Lane
119,Lissie,Pinar,lpinar3a@histats.com,Female,3562780150808013,00 Kenwood Plaza
120,Ann,Sertin,asertin3b@odnoklassniki.ru,Female,5100175296337205,4481 Dryden Avenue
121,Emmi,Langfitt,elangfitt3c@tiny.cc,Female,5602214615735741,17 Di Loreto Junction
122,Goran,Guilloneau,gguilloneau3d@artisteer.com,Agender,6761076748361323185,6 Rutledge Junction
123,Wilmette,Audritt,waudritt3e@sakura.ne.jp,Female,670930535727736175,2177 Brown Place
124,Burnard,Shone,bshone3f@360.cn,Male,633407187436094470,8 Elgar Street
125,Pietro,Freiberg,pfreiberg3g@mac.com,Male,3570701523469507,9931 Jana Lane
126,Romain,Abbes,rabbes3h@netscape.com,Male,630406738313353202,52 Village Green Trail
127,Ossie,Lithgow,olithgow3i@google.it,Male,3563065791046739,0305 Anniversary Road
128,Kerwin,Terne,kterne3j@house.gov,Male,67628588861115603,1222 Golf Parkway
129,Martyn,Wainscoat,mwainscoat3k@amazon.co.uk,Male,3534615753080617,312 Starling Alley
130,Rae,Gerrets,rgerrets3l@reddit.com,Female,3569937319501623,378 Main Center
131,Terry,Feather,tfeather3m@freewebs.com,Female,67096489698270963,25888 Express Center
132,Karyn,Hubbuck,khubbuck3n@clickbank.net,Genderfluid,56022198180735688,41444 Northport Parkway
133,Franklin,Roelofsen,froelofsen3o@ebay.co.uk,Male,3540052899184099,619 Judy Circle
134,Sandy,Dewfall,sdewfall3p@mashable.com,Male,3553407184152728,8 Macpherson Center
135,Fern,Grunwall,fgrunwall3q@usnews.com,Female,30195551075858,3607 Monica Lane
136,Hewe,Leaburn,hleaburn3r@edublogs.org,Agender,56022534239449097,96 Park Meadow Plaza
137,Hermie,Arbuckel,harbuckel3s@census.gov,Male,3565477530187815,12 Center Way
138,Spenser,Stanbro,sstanbro3t@lycos.com,Male,5579445470873578,22 Lunder Avenue
139,Scarlet,Banaszkiewicz,sbanaszkiewicz3u@homestead.com,Genderfluid,63040956977796096,87 Oak Valley Lane
140,Riannon,Braithwaite,rbraithwaite3v@nih.gov,Female,3565689140185035,12 Kedzie Crossing
141,Enid,Stainburn,estainburn3w@ucla.edu,Female,5602219250874507,2 Spohn Terrace
142,Candie,Gannaway,cgannaway3x@hubpages.com,Female,4911503616955970,8110 Merrick Way
143,Cherye,Bentame,cbentame3y@auda.org.au,Female,3546104189494813,232 Green Place
144,Jehanna,Moncrefe,jmoncrefe3z@census.gov,Female,3559555113402020,3 Browning Crossing
145,Garrett,Guerreru,gguerreru40@nhs.uk,Male,3536640912356037,56 Village Green Plaza
146,Devonne,Fulcher,dfulcher41@yellowpages.com,Female,5108755303209380,6007 Ronald Regan Crossing
147,Jaye,Linsay,jlinsay42@list-manage.com,Male,3557266594731919,99557 Fremont Circle
148,Cooper,Coote,ccoote43@nature.com,Male,201897839599749,45 Merry Crossing
149,Hazel,Kobiera,hkobiera44@time.com,Male,6304883475045652472,6 Northport Court
150,Luise,Baudassi,lbaudassi45@princeton.edu,Female,5610186926632843,25 Knutson Park
151,Missie,Febry,mfebry46@meetup.com,Female,5100179188769699,68083 Trailsway Street
152,Kariotta,Gainsbury,kgainsbury47@gmpg.org,Female,201666896742884,35144 Dakota Place
153,Godfry,McKinna,gmckinna48@typepad.com,Male,30365738424077,9 Scofield Drive
154,Gretchen,Acosta,gacosta49@feedburner.com,Female,3541929112479100,8 Toban Street
155,Guilbert,Morrissey,gmorrissey4a@360.cn,Male,3539075887089577,36862 Kim Plaza
156,Guillema,Wones,gwones4b@linkedin.com,Female,3570980914075103,57960 Summer Ridge Court
157,Emma,Drohan,edrohan4c@comcast.net,Female,5313566838384809,37889 Reinke Parkway
158,Deane,Anfossi,danfossi4d@baidu.com,Female,3584369149116441,39 Vahlen Terrace
159,Joell,Cafe,jcafe4e@gov.uk,Female,5484408323837178,42 Stone Corner Point
160,Pansy,Chapple,pchapple4f@shop-pro.jp,Female,3567994433493981,6 Clyde Gallagher Way
161,Adoree,Simionescu,asimionescu4g@wired.com,Female,4041370109654,84 Browning Street
162,Kimbra,Pritchitt,kpritchitt4h@arstechnica.com,Female,5602251407295898,6 Calypso Alley
163,Emmery,Ridding,eridding4i@live.com,Male,6771602371849390676,7065 Heath Road
164,Hilary,Reap,hreap4j@jimdo.com,Agender,3584852883923031,8 Ruskin Alley
165,Morgan,Hamsson,mhamsson4k@buzzfeed.com,Male,30556607163479,35933 Crest Line Trail
166,Kurt,Marzelle,kmarzelle4l@goo.ne.jp,Male,5048377728939435,63671 Erie Way
167,Iggie,MacCallum,imaccallum4m@cnn.com,Male,201436288357166,17546 Westridge Pass
168,Carroll,Sollitt,csollitt4n@vkontakte.ru,Male,3587570210600208,334 Crest Line Alley
169,Richardo,Mattys,rmattys4o@miitbeian.gov.cn,Male,3543280226907729,453 Eagan Road
170,Kerry,Lethbrig,klethbrig4p@rediff.com,Female,5597281342209172,8 Fair Oaks Hill
171,Marcille,Pudsey,mpudsey4q@ebay.co.uk,Polygender,374283371927542,35979 Oxford Way
172,Northrop,Guerreiro,nguerreiro4r@blogspot.com,Male,5602256804285863,26 Roxbury Lane
173,Thebault,Northcote,tnorthcote4s@bluehost.com,Bigender,3563326289660567,6449 Independence Trail
174,Moll,Hooks,mhooks4t@earthlink.net,Female,3546315018613429,9282 Columbus Trail
175,Jeremy,Worral,jworral4u@hhs.gov,Male,3537078879859512,4 Commercial Alley
176,Hewie,Pyott,hpyott4v@opensource.org,Male,3570984592883515,5419 Stoughton Hill
177,Ginevra,Vedeniktov,gvedeniktov4w@reverbnation.com,Female,5602216452882405435,37504 Scoville Terrace
178,Bernardo,Farlow,bfarlow4x@bing.com,Male,3530140419563454,492 Hallows Lane
179,Doll,Tinham,dtinham4y@goodreads.com,Agender,4041591124955064,96400 Bayside Junction
180,Adams,Jerromes,ajerromes4z@homestead.com,Male,3575722103265672,366 Hooker Trail
181,Eli,Hanniger,ehanniger50@technorati.com,Male,5125669478821912,833 Golf Course Terrace
182,Kenton,Midden,kmidden51@aboutads.info,Male,30170195054684,8309 Lien Drive
183,Arch,Flewin,aflewin52@bloomberg.com,Genderqueer,5602229176440150,9055 Sachtjen Park
184,Phelia,Stratz,pstratz53@blinklist.com,Genderfluid,3567007238756120,5 Schurz Terrace
185,Rhody,Skeermor,rskeermor54@163.com,Female,3533145368899822,533 Northview Center
186,Kip,Reame,kreame55@cnbc.com,Male,3566961113227691,45185 Lakewood Gardens Drive
187,Tremaine,McMeekin,tmcmeekin56@ameblo.jp,Male,6334493392498201,5 Brentwood Park
188,Keri,Malenoir,kmalenoir57@lycos.com,Genderfluid,6767354211029391615,99769 Bunker Hill Avenue
189,Annabela,Dewi,adewi58@opera.com,Female,3559848986736545,6 Pankratz Drive
190,Geneva,Huthart,ghuthart59@howstuffworks.com,Female,5641820542952564,2675 Gulseth Alley
191,Aron,Bulford,abulford5a@google.co.jp,Male,4911896736982431,9 Southridge Circle
192,Stevie,Trumpeter,strumpeter5b@w3.org,Male,4913491299460096,8 Mcguire Plaza
193,Marcy,Chatwood,mchatwood5c@newyorker.com,Female,5549411916422476,81 Southridge Plaza
194,Thaine,Povey,tpovey5d@europa.eu,Male,6374508689156229,85816 Cascade Hill
195,Wyndham,Deevey,wdeevey5e@comsenz.com,Male,3532387400735090,4 Nevada Way
196,Matthus,McComas,mmccomas5f@sogou.com,Male,3571984016302901,954 Cordelia Drive
197,Blakelee,Alesi,balesi5g@toplist.cz,Female,4875798003713842,38 International Drive
198,Burt,Josuweit,bjosuweit5h@constantcontact.com,Male,3566047787818187,3251 Parkside Park
199,Lindsy,Seiler,lseiler5i@addthis.com,Female,5602237828556877,8860 Mesta Trail
200,Lisle,Andreichik,landreichik5j@typepad.com,Male,5350239680783668,8649 Hansons Park
201,Gracia,Blackbourn,gblackbourn5k@statcounter.com,Female,503808270902505300,230 Redwing Way
202,Lilah,Fancutt,lfancutt5l@plala.or.jp,Female,3552796404080151,11344 Transport Court
203,Frank,Almack,falmack5m@a8.net,Female,675985877629141903,15389 Del Sol Center
204,Alexandros,Umfrey,aumfrey5n@purevolume.com,Male,3529952720596533,32 Mcguire Hill
205,Nicola,Joesbury,njoesbury5o@state.gov,Male,3545344504140409,3 Thierer Drive
206,Hetty,Henrichsen,hhenrichsen5p@soup.io,Female,3543517942418576,7 Crest Line Alley
207,Ginger,Edler,gedler5q@cbsnews.com,Polygender,5100148139907682,66 Tennyson Alley
208,Cam,Eles,celes5r@purevolume.com,Male,6767964888763144797,56126 Eagle Crest Center
209,Keri,Knight,kknight5s@goo.ne.jp,Female,3583765424203104,622 Gerald Street
210,Sergei,Bebbell,sbebbell5t@eepurl.com,Polygender,3576589761269919,13063 Cardinal Terrace
211,Margo,Djuricic,mdjuricic5u@blogs.com,Female,201849905012313,1 Emmet Lane
212,Felice,Trevaskis,ftrevaskis5v@hc360.com,Female,3548452211199951,92 Gateway Center
213,Harwilll,Boodle,hboodle5w@oakley.com,Male,3574976914642989,70 Golden Leaf Street
214,Baird,Leyton,bleyton5x@uol.com.br,Male,676379832254877810,55 Vermont Crossing
215,Nickey,Madoc-Jones,nmadocjones5y@mac.com,Male,3572470058266153,06492 Hoard Parkway
216,Richy,Garrison,rgarrison5z@youku.com,Male,5602258022426154,21 Tennyson Court
217,Bobette,Meni,bmeni60@auda.org.au,Female,3538619330472509,9 Sachs Pass
218,Sheffield,Bruneau,sbruneau61@wix.com,Male,564182488273651325,63 Manley Point
219,Vernice,Teml,vteml62@hhs.gov,Female,30460811632454,4997 Anderson Parkway
220,Lewiss,Kilfether,lkilfether63@sohu.com,Male,3561485977776945,2 Riverside Crossing
221,Kennith,Gencke,kgencke64@paypal.com,Male,6334558365029949682,3805 Main Alley
222,Magdalene,Meir,mmeir65@archive.org,Female,4965734136548137,86 Mendota Trail
223,Ardith,Glander,aglander66@lycos.com,Female,3579649131610619,9 Melody Plaza
224,Osbourne,Ingham,oingham67@virginia.edu,Male,5602232552403495,8827 Elka Junction
225,Elonore,Bullene,ebullene68@forbes.com,Female,3581014016972723,4 Glendale Pass
226,Matti,Beane,mbeane69@drupal.org,Female,3538897033908827,53057 Coolidge Alley
227,Giovanna,Borg,gborg6a@feedburner.com,Non-binary,3543610501595783,11 Thompson Way
228,Gabby,Renehan,grenehan6b@nhs.uk,Male,4017953497476,02023 Luster Avenue
229,Danny,Vannikov,dvannikov6c@hud.gov,Female,3570723268960334,788 Holmberg Terrace
230,Koral,Bignell,kbignell6d@intel.com,Polygender,3532366242063580,2 Acker Place
231,Hyacinthia,Dickon,hdickon6e@geocities.com,Genderqueer,201462708952105,50 7th Place
232,Odey,Lathe,olathe6f@loc.gov,Male,4917459745717423,2196 Clove Drive
233,Adelina,Kimbrey,akimbrey6g@state.gov,Bigender,3585714730948406,433 Tennessee Center
234,Stanislaus,Cossey,scossey6h@examiner.com,Male,6763794323187577021,84 Lerdahl Avenue
235,Orion,Brecknock,obrecknock6i@oaic.gov.au,Male,63045180645341400,32 Rigney Street
236,Rudolf,Skillman,rskillman6j@msu.edu,Male,5010123393777641,37 Bunker Hill Pass
237,Zaneta,Crookall,zcrookall6k@china.com.cn,Female,3575373516557345,35650 Di Loreto Hill
238,Sheppard,Mathe,smathe6l@ow.ly,Male,36888307865200,66290 Marquette Alley
239,Uta,Hryncewicz,uhryncewicz6m@oracle.com,Female,5392242604377088,91744 Grasskamp Hill
240,Brita,Forman,bforman6n@earthlink.net,Genderqueer,3557930585457657,48154 Prentice Way
241,Janey,Fitton,jfitton6o@walmart.com,Female,30359579284385,2479 Haas Road
242,Jeddy,Juszkiewicz,jjuszkiewicz6p@icio.us,Male,201623202723363,97 Monterey Point
243,Bengt,Feldfisher,bfeldfisher6q@hp.com,Male,3588261100615238,12 Golf Course Road
244,Gardiner,Blemen,gblemen6r@google.es,Genderqueer,30117354422574,4 Green Place
245,Lief,Eim,leim6s@squarespace.com,Male,561012265376347080,1308 Marcy Center
246,Peder,Deeson,pdeeson6t@ovh.net,Male,6333647846004672,28360 Shopko Court
247,Malia,Rounce,mrounce6u@amazon.de,Female,3539084774511024,16857 Killdeer Crossing
248,Dulcia,Duggan,dduggan6v@jimdo.com,Female,3555402795652974,1516 Porter Drive
249,Carrissa,Snowden,csnowden6w@flickr.com,Female,4405483332007393,01699 Longview Lane
250,Odilia,Itzkin,oitzkin6x@myspace.com,Female,5210709835584724,23987 Garrison Plaza
251,Eulalie,Sissens,esissens6y@vistaprint.com,Female,5108756671957535,6527 Texas Place
252,Heywood,Lambillion,hlambillion6z@usda.gov,Male,5243241068927983,18231 Norway Maple Place
253,Freeman,Dmitrievski,fdmitrievski70@ning.com,Male,6762895180906298911,262 Lillian Crossing
254,Esther,Leedal,eleedal71@wsj.com,Female,676757207170001542,4 Delaware Park
255,Timmy,Korbmaker,tkorbmaker72@tripadvisor.com,Male,3582510983598143,2 Oak Street
256,Nefen,Richin,nrichin73@topsy.com,Agender,4917171226879651,09 Onsgard Circle
257,Feodora,Lovering,flovering74@comsenz.com,Female,3573214968948461,507 Nova Way
258,Butch,Ajean,bajean75@scribd.com,Male,4911266875408130894,45868 Rockefeller Avenue
259,Adriena,Greenalf,agreenalf76@dailymail.co.uk,Female,3540556877389421,02 Butternut Plaza
260,Berget,Loidl,bloidl77@discuz.net,Female,4041371676370412,208 Arrowood Plaza
261,Elysee,Philipot,ephilipot78@reference.com,Female,6392078916727067,4 Karstens Way
262,Sheppard,Aglione,saglione79@imgur.com,Male,56022549881097531,9086 Shopko Lane
263,Dione,Alyoshin,dalyoshin7a@earthlink.net,Female,3571994448561727,39584 Sauthoff Pass
264,Gannie,Dudney,gdudney7b@thetimes.co.uk,Male,5010124579896627,58 Troy Street
265,Lexine,Arnli,larnli7c@shareasale.com,Female,3589938645865175,6864 Eliot Alley
266,Symon,Johantges,sjohantges7d@google.com,Genderfluid,3588632086902081,93 Park Meadow Trail
267,Hedi,Lidgey,hlidgey7e@newyorker.com,Genderfluid,3583485129585719,995 Sugar Way
268,Engelbert,Tasseler,etasseler7f@disqus.com,Male,630409484020168768,08 Westridge Crossing
269,Ryon,Pavyer,rpavyer7g@businessinsider.com,Male,5396880345660951,23541 Green Ridge Way
270,Helena,Lightoller,hlightoller7h@guardian.co.uk,Female,6375787859611283,9 Artisan Junction
271,Herold,Sayburn,hsayburn7i@cdbaby.com,Male,201678759109077,1130 New Castle Avenue
272,Jilleen,Clyburn,jclyburn7j@biglobe.ne.jp,Female,3563749358135494,7910 Leroy Place
273,Joela,Ruoff,jruoff7k@cocolog-nifty.com,Female,4017959052010,79000 Loeprich Drive
274,Carney,Chatterton,cchatterton7l@nyu.edu,Bigender,5048379007968572,10 Hagan Street
275,Cherish,Reddington,creddington7m@feedburner.com,Female,30235923419382,51 Oakridge Terrace
276,Agnola,Meadmore,ameadmore7n@census.gov,Female,3548082446648710,7 Bashford Hill
277,Melli,Ceyssen,mceyssen7o@bloglines.com,Female,3585385607064914,6521 Talmadge Way
278,Graehme,Stredwick,gstredwick7p@vistaprint.com,Male,56022142331712451,96 Blaine Hill
279,Coleman,Whinney,cwhinney7q@over-blog.com,Male,3538023848683535,87 Veith Junction
280,Amity,Kondrachenko,akondrachenko7r@sina.com.cn,Female,30509571970619,8 Mayer Trail
281,Sawyere,Pegg,spegg7s@mayoclinic.com,Male,3583289035325909,06419 Dottie Trail
282,Esteban,Ardling,eardling7t@goo.ne.jp,Male,3572527015845203,9398 Ridgeway Drive
283,Dottie,Aseef,daseef7u@dell.com,Female,5048376345680323,683 Walton Drive
284,Philip,Sympson,psympson7v@disqus.com,Male,676209641671080254,029 Myrtle Pass
285,Morty,Plaskett,mplaskett7w@mysql.com,Male,6759604948937791,07240 Kim Center
286,Pacorro,Wagon,pwagon7x@ask.com,Agender,56022348408669009,029 4th Parkway
287,Jacky,Esmead,jesmead7y@histats.com,Male,630419596813955107,72529 Riverside Parkway
288,Briny,Jozefczak,bjozefczak7z@economist.com,Female,4844283585892106,9457 Kropf Court
289,Neils,Gilhooley,ngilhooley80@biblegateway.com,Male,6759775424478087554,7 Delladonna Alley
290,Scotty,Dymond,sdymond81@fastcompany.com,Male,5602226371007347,982 Waywood Center
291,Alyssa,Ledrane,aledrane82@jiathis.com,Genderfluid,371724642035253,995 Clyde Gallagher Street
292,Glenden,Klaggeman,gklaggeman83@forbes.com,Male,561071847965416042,71 Towne Trail
293,Kristen,Rape,krape84@ow.ly,Female,5100176777337235,676 Mcbride Avenue
294,Chad,Rugg,crugg85@slate.com,Female,372301306948854,23097 Golf View Hill
295,Erie,Ferreras,eferreras86@nature.com,Genderqueer,3544289410850271,63 Pennsylvania Crossing
296,Northrop,Selbie,nselbie87@google.com.br,Male,6304887006630618895,17486 Division Plaza
297,Margareta,Offell,moffell88@irs.gov,Female,3573325491572543,091 Maywood Road
298,Dix,Dran,ddran89@constantcontact.com,Female,5602248243424803423,59 Utah Place
299,Tommi,Knowlman,tknowlman8a@tripod.com,Female,372301135021436,74 Thompson Parkway
300,Roderic,Spatig,rspatig8b@vkontakte.ru,Male,30190964571908,515 Eastwood Park
301,Clareta,McFeat,cmcfeat8c@chicagotribune.com,Bigender,3531939366608553,629 Loeprich Alley
302,Shannan,Zielinski,szielinski8d@ifeng.com,Male,6376304532803003,144 Gateway Lane
303,Merrel,Semonin,msemonin8e@businessweek.com,Male,374622376924683,369 Eastlawn Place
304,Bernardo,Purselowe,bpurselowe8f@paypal.com,Male,633110807306050843,443 Oakridge Avenue
305,Eddi,Gravestone,egravestone8g@businesswire.com,Female,5100146063641996,873 Thompson Park
306,Garreth,Mahy,gmahy8h@squidoo.com,Male,5185465632015476,47 Amoth Terrace
307,Min,Chapier,mchapier8i@tamu.edu,Female,3567723190955589,90 Talisman Park
308,Lyle,Silcock,lsilcock8j@pinterest.com,Male,5524410482832646,7844 Vahlen Hill
309,Marlyn,Belchambers,mbelchambers8k@reference.com,Female,3534665139089063,120 Manufacturers Junction
310,Tamiko,Stener,tstener8l@unicef.org,Female,5100135961517598,766 Blackbird Terrace
311,Marybelle,Pantlin,mpantlin8m@wp.com,Female,676200694379901775,6 7th Drive
312,Hillier,Baudichon,hbaudichon8n@prweb.com,Male,5100178421205156,4179 Northwestern Street
313,Octavia,Crinion,ocrinion8o@hp.com,Female,5010122654387033,31 Iowa Park
314,Jerrilee,Moreinis,jmoreinis8p@netlog.com,Female,3537927937725026,51 Pond Avenue
315,Vere,O Sullivan,vosullivan8q@free.fr,Genderqueer,30391294588873,96 Vernon Place
316,Em,Woodhouse,ewoodhouse8r@dropbox.com,Male,6386177077630280,0092 Muir Pass
317,Graeme,Burdess,gburdess8s@typepad.com,Male,344155332477246,6496 Sullivan Junction
318,Purcell,Gurko,pgurko8t@wunderground.com,Male,6374864693656054,022 Buhler Avenue
319,Rodie,Dominichetti,rdominichetti8u@loc.gov,Bigender,5602229682809531716,32 Northfield Point
320,James,Feltoe,jfeltoe8v@mayoclinic.com,Male,3573955482337587,67025 Dwight Plaza
321,Jessamine,Letrange,jletrange8w@networkadvertising.org,Female,374283718746563,3705 Stoughton Terrace
322,Anneliese,Burgess,aburgess8x@last.fm,Female,4175005039391420,6 Ridgeview Avenue
323,Berny,Packwood,bpackwood8y@ezinearticles.com,Female,201818059809766,60 Melby Park
324,Ealasaid,Sustins,esustins8z@telegraph.co.uk,Female,3573651067867359,2 Judy Hill
325,Cazzie,Petyankin,cpetyankin90@goo.ne.jp,Male,374622805755617,342 Mosinee Road
326,Brooke,Scalia,bscalia91@bluehost.com,Female,3563609195024964,875 Loeprich Circle
327,Lou,Ingray,lingray92@nih.gov,Female,5602258530929186,80347 Kinsman Point
328,Zared,Haxley,zhaxley93@ftc.gov,Male,6384323992568716,36 Morningstar Junction
329,Leeann,Riste,lriste94@ucoz.ru,Female,3546028615524077,08110 Elgar Hill
330,Estele,Fearnside,efearnside95@mapy.cz,Female,6304519884409949923,47 Dakota Park
331,Wayne,Cleland,wcleland96@weibo.com,Non-binary,5602217120839725903,055 Amoth Point
332,Gertruda,Jewster,gjewster97@baidu.com,Female,4017954657839,1 Stephen Point
333,Ericka,Guinn,eguinn98@chronoengine.com,Female,30027441345185,90 Rockefeller Parkway
334,Geoffrey,Kyd,gkyd99@nifty.com,Male,3559980129978716,5620 Stoughton Place
335,Bev,Katz,bkatz9a@chronoengine.com,Female,3542243712984041,18 Starling Crossing
336,Ive,Kundt,ikundt9b@jalbum.net,Male,676740373450112605,6732 Bobwhite Lane
337,Riva,Johnstone,rjohnstone9c@reference.com,Female,3529773624249825,21796 Hovde Plaza
338,Trudie,Burnhard,tburnhard9d@soup.io,Female,5007660670679219,86733 Oak Valley Drive
339,Pippo,Elcombe,pelcombe9e@sun.com,Male,3548326854438530,05 Golf View Hill
340,Skipper,Etherson,setherson9f@mediafire.com,Male,3573424245407906,8072 Stephen Road
341,Rollin,Maben,rmaben9g@uol.com.br,Male,5100173001233652,80108 Charing Cross Drive
342,Angela,Eakins,aeakins9h@taobao.com,Female,675919478698777098,95 Blackbird Trail
343,Colas,Gosnoll,cgosnoll9i@desdev.cn,Male,3540875308509492,5244 Reinke Road
344,Blaire,Sowood,bsowood9j@photobucket.com,Female,5564965821781656,04 Riverside Pass
345,Nathan,Cruise,ncruise9k@vinaora.com,Male,6771412542542374940,858 Fremont Crossing
346,Sianna,Coneron,sconeron9l@cpanel.net,Female,5002354517793830,3906 Oakridge Street
347,Maximilianus,Hollerin,mhollerin9m@sciencedaily.com,Male,3530413197721192,7651 Commercial Plaza
348,Reiko,Pochet,rpochet9n@upenn.edu,Female,3564107726122208,7745 Everett Circle
349,Nevsa,Lanney,nlanney9o@va.gov,Female,374288933324294,88 Luster Alley
350,Guendolen,Blasdale,gblasdale9p@ovh.net,Female,3543876959434714,222 Tomscot Crossing
351,Dinah,Wakelam,dwakelam9q@cargocollective.com,Female,3570991676689932,2 Sundown Street
352,Bea,Valsler,bvalsler9r@unblog.fr,Female,50201082992776161,416 Kenwood Crossing
353,Jania,Nation,jnation9s@t.co,Polygender,5602214103986180877,49370 Maryland Drive
354,Ruby,Yukhnini,ryukhnini9t@hc360.com,Male,30173117976943,9243 La Follette Terrace
355,Robyn,Ponde,rponde9u@diigo.com,Female,30295674968318,1 Hollow Ridge Parkway
356,Malia,Tunniclisse,mtunniclisse9v@prnewswire.com,Female,3553957851149779,672 Northfield Point
357,Brynne,Smiths,bsmiths9w@jigsy.com,Female,374288668259905,67740 Chinook Drive
358,Viviyan,Hawkwood,vhawkwood9x@ebay.co.uk,Female,6334319252531873131,254 Porter Center
359,Munroe,Kevis,mkevis9y@simplemachines.org,Male,3562722521270317,03 Messerschmidt Drive
360,Hamel,Luff,hluff9z@newyorker.com,Male,5602228570199701,9 Banding Lane
361,Karil,Elvin,kelvina0@i2i.jp,Female,30018956975623,05 Scofield Terrace
362,Von,Bortol,vbortola1@instagram.com,Male,6390367103910525,4963 Steensland Hill
363,Tandy,Kensley,tkensleya2@hud.gov,Female,374288885881150,2422 Redwing Park
364,Selene,Adger,sadgera3@istockphoto.com,Female,6709496455418054,43309 Susan Road
365,Nita,Gilliver,ngillivera4@acquirethisname.com,Female,3549786658006024,38 Hauk Crossing
366,Briny,Ambrosini,bambrosinia5@fema.gov,Female,3536424104467716,7 American Hill
367,Delores,Clausewitz,dclausewitza6@cargocollective.com,Female,3585103937816824,1872 Karstens Drive
368,Geri,Schuricht,gschurichta7@nifty.com,Female,3528190795504352,5585 Bellgrove Pass
369,Felisha,Nore,fnorea8@unicef.org,Female,30379722722586,1 Del Sol Parkway
370,Averyl,Martinson,amartinsona9@smugmug.com,Female,30305330988582,3 Blue Bill Park Way
371,Sim,Baffin,sbaffinaa@infoseek.co.jp,Male,501822062836382104,5962 Warbler Street
372,Ami,Jewar,ajewarab@ihg.com,Female,5610829522490591,10970 Mifflin Hill
373,Saul,Jedrych,sjedrychac@google.es,Male,372301942249469,296 Killdeer Hill
374,Anjela,Crilley,acrilleyad@fda.gov,Female,3530049801993262,2 Ilene Trail
375,Nevsa,Gilbanks,ngilbanksae@vimeo.com,Female,3582792544176136,01 Karstens Place
376,Gunilla,de Merida,gdemeridaaf@webeden.co.uk,Female,5010120150758186,343 Hollow Ridge Trail
377,Ferne,Gascar,fgascarag@engadget.com,Female,4905436071544815,34674 Ludington Park
378,Gerry,Skipper,gskipperah@drupal.org,Non-binary,3576153538601340,469 Graceland Trail
379,Flossie,Winfred,fwinfredai@netscape.com,Female,337941387387052,0520 Melvin Court
380,Frankie,Clausner,fclausneraj@upenn.edu,Polygender,6331108556003208,2 Ohio Court
381,Linn,Hanbidge,lhanbidgeak@newyorker.com,Female,4911633726622994,97163 Anniversary Court
382,Joy,Eingerfield,jeingerfieldal@wikipedia.org,Genderqueer,3534495035021444,46629 Hallows Lane
383,Kizzee,Slade,ksladeam@statcounter.com,Female,6761494002359269214,60 Bellgrove Hill
384,Damien,Gohn,dgohnan@usa.gov,Male,30275710108921,1512 Schiller Avenue
385,Madison,Keune,mkeuneao@free.fr,Male,4072754616120256,9214 Grover Terrace
386,Olly,Pennino,openninoap@mail.ru,Female,3585524616456279,11007 Morrow Alley
387,Myrta,Yarnall,myarnallaq@indiegogo.com,Female,5893420576203137157,03826 High Crossing Street
388,Janel,Radbourne,jradbournear@ustream.tv,Female,6771902330669426,77587 Vermont Hill
389,Nadiya,Sturman,nsturmanas@wikia.com,Female,3589935811196062,6943 Eliot Terrace
390,Der,Ramelet,drameletat@ucsd.edu,Agender,3539482522592587,799 Clarendon Avenue
391,Stefanie,Handman,shandmanau@businessinsider.com,Female,30521991158295,4 Forster Hill
392,Inigo,Lowdiane,ilowdianeav@ustream.tv,Male,3571031508127261,70 Bultman Plaza
393,Bryn,Pinare,bpinareaw@flavors.me,Male,3532276247250605,753 Spaight Road
394,Merrie,Lerven,mlervenax@google.com,Female,3569308249185129,50968 Banding Crossing
395,Greg,Gartin,ggartinay@etsy.com,Male,3559880170794386,601 American Ash Terrace
396,Chaddy,Targett,ctargettaz@cargocollective.com,Polygender,4917954855369411,19025 Linden Plaza
397,Alvera,Denmead,adenmeadb0@berkeley.edu,Female,3577593667687306,5346 Bartillon Terrace
398,Boote,Gever,bgeverb1@nsw.gov.au,Male,3547437345579765,8 Fuller Crossing
399,Gawen,Hover,ghoverb2@ihg.com,Male,490362683617803968,67 Becker Drive
400,Vanna,Sterry,vsterryb3@nyu.edu,Female,3530794313766264,27 Granby Road
401,Leeland,Jansey,ljanseyb4@craigslist.org,Male,502055189012740908,12 Nevada Trail
402,Octavius,Lodovichi,olodovichib5@prweb.com,Male,6331105727661401,65872 Maple Wood Plaza
403,Beatrisa,Marvin,bmarvinb6@cnn.com,Female,6762870945754407,0 Springview Place
404,Umeko,Sheirlaw,usheirlawb7@alexa.com,Female,3531920072591036,9 Sullivan Junction
405,Jolene,Brister,jbristerb8@1688.com,Female,5602237073258504307,24268 Transport Drive
406,Dallis,Bainbridge,dbainbridgeb9@nsw.gov.au,Non-binary,5602244267341118,7 Elgar Court
407,Kenn,Phizackerly,kphizackerlyba@marriott.com,Male,5602225431768690,10870 Fieldstone Drive
408,Marlowe,Kinver,mkinverbb@apple.com,Male,30123504686605,61227 Dapin Plaza
409,Beryle,Sidwell,bsidwellbc@un.org,Female,5602222250052041,6361 Butternut Junction
410,Linea,Micheli,lmichelibd@discovery.com,Female,5146208542628279,28 Anzinger Drive
411,Manolo,Barbour,mbarbourbe@usgs.gov,Male,4041597981802,47 Dovetail Center
412,Prentiss,Sallans,psallansbf@abc.net.au,Male,3530498683838618,396 Roxbury Terrace
413,Xylina,Really,xreallybg@forbes.com,Female,3583300438343686,72954 Chive Crossing
414,Grazia,McQuarter,gmcquarterbh@uiuc.edu,Female,5160994492670012,07527 Cody Terrace
415,Beaufort,McKeveney,bmckeveneybi@upenn.edu,Male,5007669838012379,48 Butternut Plaza
416,Milo,Rosenbarg,mrosenbargbj@wufoo.com,Male,3531139631456751,58 Shelley Road
417,Zenia,Iacivelli,ziacivellibk@jiathis.com,Female,6706104904727208732,92 Declaration Court
418,Elmo,Radcliffe,eradcliffebl@last.fm,Male,201668556570050,4 New Castle Center
419,Janean,Opie,jopiebm@hibu.com,Female,3558124868947480,93182 Towne Junction
420,Timmie,Chaperlin,tchaperlinbn@wisc.edu,Male,3553032689729380,796 Helena Alley
421,Yettie,Behling,ybehlingbo@bluehost.com,Female,5354769985853960,6743 Talmadge Junction
422,Megan,Sloat,msloatbp@salon.com,Female,670951728807407858,59 Carberry Pass
423,Demetrius,Speight,dspeightbq@domainmarket.com,Male,3560196316169442,6712 Havey Parkway
424,Addi,McKeaney,amckeaneybr@china.com.cn,Female,201627854789952,7 Emmet Street
425,Brandy,Jackson,bjacksonbs@blinklist.com,Male,3573473069215176,0 Jenifer Way
426,Ebeneser,Stokell,estokellbt@hugedomains.com,Male,5018657785511698,55 Glendale Lane
427,James,Duckett,jduckettbu@timesonline.co.uk,Polygender,6762370750186371234,8259 Karstens Terrace
428,Ahmad,Pallent,apallentbv@cmu.edu,Male,345984546019414,625 Vermont Trail
429,Elvira,Danilovich,edanilovichbw@mac.com,Female,4936420523809290459,4 Lukken Avenue
430,Juieta,Woolley,jwoolleybx@cloudflare.com,Female,3539472920431181,84499 Pearson Court
431,Ashley,Chippindale,achippindaleby@comsenz.com,Female,3574813146272097,95 Reinke Circle
432,Aurelia,Bettles,abettlesbz@ft.com,Female,349234232913124,3 Boyd Circle
433,Adoree,Benoi,abenoic0@example.com,Female,4017959939356,335 Eagle Crest Terrace
434,Pearline,Assiter,passiterc1@stanford.edu,Female,5108757471067285,6 Kensington Place
435,Agatha,Blick,ablickc2@reddit.com,Female,3574137110645306,55 Armistice Trail
436,Nathalia,Bavridge,nbavridgec3@usatoday.com,Agender,3550841259086879,3312 Meadow Valley Pass
437,Stearne,Damiral,sdamiralc4@vk.com,Male,560221999887350584,69347 Beilfuss Terrace
438,Lurette,Shoveller,lshovellerc5@flavors.me,Female,5246098640875669,65 Evergreen Circle
439,Theodor,Gravenell,tgravenellc6@zimbio.com,Male,3534366170244432,5 Kenwood Street
440,Dannel,Ovey,doveyc7@si.edu,Male,6334782032598555369,8366 Warbler Trail
441,Morna,Healeas,mhealeasc8@prnewswire.com,Female,6763389955466108,8 Harper Court
442,Haily,Bremmell,hbremmellc9@statcounter.com,Female,5100177250110255,1237 Goodland Street
443,Jilli,Rens,jrensca@google.co.uk,Female,3588541139004565,355 Main Street
444,Karly,Saiger,ksaigercb@sfgate.com,Female,630425856945332563,1727 Duke Center
445,Toiboid,Slowey,tsloweycc@sfgate.com,Male,3566772273248207,8961 Merrick Terrace
446,Simmonds,Helkin,shelkincd@statcounter.com,Male,3580444707356707,3728 Novick Alley
447,Marie-ann,Adie,madiece@vk.com,Female,56022506538639610,777 Mosinee Crossing
448,Kendal,Crothers,kcrotherscf@paginegialle.it,Male,3574810810818254,86 Bartelt Crossing
449,Kalila,Bestar,kbestarcg@goo.ne.jp,Female,5312136082694542,3432 Hayes Trail
450,Nataniel,Treadger,ntreadgerch@hhs.gov,Male,6374986439842555,8186 Esch Trail
451,Eulalie,Luggar,eluggarci@wsj.com,Female,30067574425578,0077 Fair Oaks Way
452,Forrest,Suller,fsullercj@gravatar.com,Male,5602251724126629426,77066 5th Junction
453,Philip,Hunter,phunterck@sphinn.com,Genderqueer,3565047453471171,96 Pleasure Place
454,Waverley,Prendergrass,wprendergrasscl@ibm.com,Male,3554565406790556,4 Pankratz Park
455,Micheil,Musgrave,mmusgravecm@printfriendly.com,Male,5100178323993131,0233 5th Street
456,Trever,La Vigne,tlavignecn@uiuc.edu,Male,3585617897787089,03 Milwaukee Alley
457,Gnni,Le Franc,glefrancco@xrea.com,Female,3585599987343686,44658 Johnson Trail
458,Sheelagh,Vanns,svannscp@google.co.jp,Female,337941746031755,3 Oneill Park
459,Marten,Peasee,mpeaseecq@msn.com,Male,6759592316937093853,49 South Park
460,Valera,Jevon,vjevoncr@jugem.jp,Female,3589097013876197,7 Melrose Point
461,Luis,McGuinness,lmcguinnesscs@webnode.com,Male,3569666629900031,7 Continental Plaza
462,Deeanne,Reihill,dreihillct@sina.com.cn,Female,5100173288406583,2 Carpenter Drive
463,Lida,Shorton,lshortoncu@columbia.edu,Female,5602255250268134,8440 Alpine Drive
464,Meaghan,Perfili,mperfilicv@taobao.com,Female,3571309358184602,6 Anhalt Street
465,Erhard,Wolfe,ewolfecw@google.com.hk,Male,5602244121849026453,587 Washington Alley
466,Dolli,Aysh,dayshcx@cdbaby.com,Female,493681557455583643,33508 Melrose Hill
467,Theodoric,Petley,tpetleycy@bizjournals.com,Male,3589553471334061,0637 Jackson Road
468,Dall,McGruar,dmcgruarcz@clickbank.net,Male,3541793620343913,76887 Barby Alley
469,Sharline,Wickins,swickinsd0@europa.eu,Female,3531930610199978,9870 Reinke Hill
470,Frederick,Kobierzycki,fkobierzyckid1@ebay.com,Male,3585019617226417,0404 Hoffman Circle
471,Teena,Aburrow,taburrowd2@w3.org,Female,374288761903938,5884 Talmadge Junction
472,Anjela,Poytres,apoytresd3@sciencedirect.com,Female,3530259867441219,060 Atwood Lane
473,Winne,Piser,wpiserd4@infoseek.co.jp,Female,5602247362797035,24590 Luster Crossing
474,Dottie,Pomphrett,dpomphrettd5@woothemes.com,Female,4508594071265962,486 Mayfield Court
475,Flossy,Iacobacci,fiacobaccid6@amazonaws.com,Female,3529185445182335,36 Briar Crest Junction
476,Claus,Duchart,cduchartd7@ehow.com,Male,5018455675040971,06 Hallows Plaza
477,Manolo,Esposi,mesposid8@ning.com,Male,63041837498613797,37 Springs Road
478,Benjamen,Goldup,bgoldupd9@columbia.edu,Male,30297723425423,6115 Lakewood Gardens Hill
479,Elna,Denisyuk,edenisyukda@hhs.gov,Genderfluid,3571177600617251,06 Autumn Leaf Crossing
480,Chere,Buttrum,cbuttrumdb@twitpic.com,Female,3528411182365037,747 Corry Alley
481,Daryle,Grishin,dgrishindc@com.com,Male,3582222546837626,7656 Ludington Street
482,Steffen,Primett,sprimettdd@addthis.com,Male,3534330522005792,9 Lakeland Alley
483,Evelyn,Brockbank,ebrockbankde@hostgator.com,Male,3582850309305694,625 Esch Road
484,Niels,Farthin,nfarthindf@webmd.com,Male,3544010615161490,061 Norway Maple Park
485,Megen,Loomes,mloomesdg@mail.ru,Female,4026076440742247,8 Gina Court
486,Katrina,Steers,ksteersdh@trellian.com,Female,670686083410687450,838 Dexter Alley
487,Steffie,Adamowitz,sadamowitzdi@mozilla.com,Female,5602256563756757,95 Pennsylvania Terrace
488,Sashenka,Semrad,ssemraddj@unblog.fr,Female,6333238120318259,7 Farmco Point
489,Travers,Keoghan,tkeoghandk@sciencedaily.com,Male,5010127411809138,25921 Michigan Road
490,George,Roddy,groddydl@walmart.com,Male,5602215045167231,6129 Steensland Pass
491,Noel,Dundredge,ndundredgedm@mysql.com,Male,3530338239963322,703 Chive Drive
492,Fanchette,Fairbrace,ffairbracedn@techcrunch.com,Female,5007663531216411,46658 Stone Corner Place
493,Shell,Westhead,swestheaddo@comcast.net,Female,3562979150597408,3 Comanche Road
494,Tobi,Hamlet,thamletdp@baidu.com,Female,30521552667908,618 Thompson Street
495,Brana,Ledes,bledesdq@wordpress.com,Female,3557874644132051,502 Duke Circle
496,Cindelyn,Row,crowdr@mediafire.com,Female,201651786052669,011 Loftsgordon Drive
497,Delmore,Brameld,dbrameldds@phoca.cz,Male,30230924300392,5 Mallard Junction
498,Jens,Granham,jgranhamdt@unblog.fr,Male,676703883678163029,15 Sachtjen Circle
499,Sharla,Fogg,sfoggdu@prweb.com,Female,3546180607131997,9 Tomscot Point
500,Nadiya,Scarbarrow,nscarbarrowdv@theguardian.com,Female,4041379646557,7 Valley Edge Street
501,Agnes,Pellew,apellewdw@jigsy.com,Female,201968413425989,0299 Lillian Trail
502,Lil,Fry,lfrydx@disqus.com,Female,3552229559669974,7118 Nova Drive
503,Merry,Minnock,mminnockdy@dmoz.org,Male,6304884881361877206,0 Welch Crossing
504,Jilly,Heitz,jheitzdz@edublogs.org,Agender,3530222428770898,85 Waywood Junction
505,Shalom,Jeste,sjestee0@technorati.com,Non-binary,6761984962489275,0 Jay Place
506,Zebedee,Simoncelli,zsimoncellie1@exblog.jp,Male,560225077937443976,407 Crescent Oaks Point
507,Cullan,Clears,cclearse2@go.com,Male,6387880994622673,1542 Amoth Terrace
508,Monti,Sizland,msizlande3@wufoo.com,Male,5610609855817663,61 Summerview Hill
509,Buiron,Munt,bmunte4@jugem.jp,Male,3530093690041338,399 Eggendart Lane
510,Ham,Walshe,hwalshee5@tripadvisor.com,Male,3563707644932306,464 Meadow Vale Lane
511,Caralie,Lars,clarse6@umn.edu,Female,201980227946779,8116 Tomscot Point
512,Imogen,Sives,isivese7@wordpress.org,Female,3566430912699310,64 Northwestern Crossing
513,Alix,Ridhole,aridholee8@merriam-webster.com,Agender,5341709248110796,3509 Charing Cross Avenue
514,Wyatt,Seeger,wseegere9@patch.com,Male,3575865561438149,7130 Fremont Park
515,Ulrich,Colson,ucolsonea@google.com.br,Male,3545663721756717,6607 Dottie Drive
516,Letti,Cortin,lcortineb@slideshare.net,Female,30487915016250,3499 Lake View Trail
517,Fawne,Polkinghorne,fpolkinghorneec@house.gov,Female,3561881718389487,0 Commercial Point
518,Sarajane,Marcus,smarcused@cmu.edu,Female,501852807277800094,989 Chive Trail
519,Doe,McMechan,dmcmechanee@cdbaby.com,Female,374288144251658,3 Dennis Avenue
520,Bamby,Joskowicz,bjoskowiczef@so-net.ne.jp,Female,4017952650758282,4295 Larry Court
521,Domini,Shiels,dshielseg@e-recht24.de,Female,3541884528990416,838 Elka Avenue
522,Brendon,Pearsall,bpearsalleh@redcross.org,Male,0604097915500942,6319 Crowley Park
523,Tess,Bertl,tbertlei@google.nl,Female,5010122714809265,47 Autumn Leaf Trail
524,Emmalynne,Parrington,eparringtonej@t.co,Female,3555122551599280,69 Lakewood Gardens Point
525,Bonnie,Kunzler,bkunzlerek@mozilla.org,Female,3535545539498347,615 Grim Alley
526,Bertrando,MacCollom,bmaccollomel@toplist.cz,Male,4175001033869271,359 Anderson Point
527,Neddy,Roberts,nrobertsem@vistaprint.com,Male,30423923650244,67804 Becker Center
528,Edsel,Warman,ewarmanen@yelp.com,Male,30420414927545,5347 Steensland Place
529,Jobey,Phizaclea,jphizacleaeo@narod.ru,Non-binary,5010121315052002,3 Warrior Pass
530,Chaddy,Firmin,cfirminep@virginia.edu,Male,3552610771785245,82 Meadow Ridge Court
531,Bren,Mugford,bmugfordeq@example.com,Male,3588173546939496,73 Service Lane
532,Michel,McCook,mmccooker@kickstarter.com,Female,3537209859230057,21 Declaration Junction
533,Zackariah,O'Driscoll,zodriscolles@tinyurl.com,Male,5100147306003184,714 Quincy Lane
534,Wyndham,MacIllrick,wmacillricket@nhs.uk,Male,3563072405175102,3 Declaration Hill
535,Xever,Cino,xcinoeu@slashdot.org,Male,6759325439429172557,64 New Castle Road
536,Bertine,Colliford,bcollifordev@storify.com,Female,3567002012382441,4 Park Meadow Hill
537,Anny,Pragnall,apragnallew@ask.com,Female,3567890859188990,30 Lotheville Street
538,Danella,Rheaume,drheaumeex@photobucket.com,Female,30369111753466,5099 Algoma Road
539,Jeffy,Nashe,jnasheey@cmu.edu,Male,374622421938019,204 Wayridge Center
540,Alastair,Dilgarno,adilgarnoez@issuu.com,Male,30458020681130,012 Cardinal Drive
541,Lisetta,Peirce,lpeircef0@hugedomains.com,Agender,4508457787390872,705 Fair Oaks Crossing
542,Udall,Woodrup,uwoodrupf1@sciencedaily.com,Bigender,3567067146883564,1587 Golden Leaf Circle
543,Mattheus,Upfold,mupfoldf2@bravesites.com,Male,3533670025251000,9 Eastlawn Point
544,Marissa,Donwell,mdonwellf3@diigo.com,Female,201999607255718,69 Debs Parkway
545,Tilda,Grandham,tgrandhamf4@i2i.jp,Female,3564432189880476,28699 Starling Trail
546,Angelita,Matfin,amatfinf5@smh.com.au,Female,490321440850958722,24081 Esch Junction
547,Jeanette,Phibb,jphibbf6@oracle.com,Female,3554095415998156,80480 Porter Lane
548,Waylin,Artist,wartistf7@un.org,Male,6304217709077689,4009 Jackson Road
549,Scott,Haquard,shaquardf8@t-online.de,Male,374283298182155,25516 Raven Center
550,Ilise,Painten,ipaintenf9@cdbaby.com,Female,30559147491459,8866 Westerfield Pass
551,Larina,Twallin,ltwallinfa@answers.com,Female,5570717480407590,430 Florence Parkway
552,Shauna,Perez,sperezfb@umn.edu,Female,3552042723142368,377 Tennessee Way
553,Dalis,MacAnelley,dmacanelleyfc@newyorker.com,Male,5602241374971340,9747 Manley Lane
554,Fawn,Swindells,fswindellsfd@merriam-webster.com,Female,5100177318069865,68264 Petterle Park
555,Myrle,Jouanet,mjouanetfe@smh.com.au,Non-binary,3578167432960154,1 Vidon Alley
556,Sophronia,Luciano,slucianoff@cornell.edu,Female,3575961636330500,87339 Golden Leaf Plaza
557,Ira,Mathiasen,imathiasenfg@google.co.jp,Male,3545184179751837,1295 Macpherson Court
558,Harriott,Lehrer,hlehrerfh@parallels.com,Female,3578960745989856,84761 Transport Terrace
559,Mallory,Pearton,mpeartonfi@chronoengine.com,Male,372301071670782,71775 Shasta Pass
560,Lissa,Tatlowe,ltatlowefj@cpanel.net,Female,3556432217492443,73203 Moose Pass
561,Delila,Brockington,dbrockingtonfk@oracle.com,Female,3547708596889354,7 Spenser Hill
562,Anestassia,Heartfield,aheartfieldfl@craigslist.org,Agender,560224341116210502,0753 Valley Edge Street
563,Flinn,Cunniff,fcunnifffm@hibu.com,Male,3585258983380883,09721 Longview Court
564,Garreth,Kinde,gkindefn@elegantthemes.com,Male,3579261439321236,15 Oriole Plaza
565,Reiko,Naul,rnaulfo@merriam-webster.com,Female,3540897109212720,34 Hoffman Hill
566,Theda,Bounds,tboundsfp@uol.com.br,Female,3536575588424323,1731 Barnett Point
567,Francklin,Habberjam,fhabberjamfq@cisco.com,Male,3563192235213293,60591 Butterfield Road
568,Far,Rushe,frushefr@salon.com,Male,3531326076060533,698 Chinook Parkway
569,Dag,Mangin,dmanginfs@slate.com,Bigender,374288536798324,57439 Hayes Lane
570,Kin,Wloch,kwlochft@microsoft.com,Male,5400732389963920,7 Merry Way
571,Ardene,Bunney,abunneyfu@youtu.be,Polygender,3577866650738900,655 Esch Circle
572,Moishe,Durning,mdurningfv@issuu.com,Male,67632594033012946,120 New Castle Drive
573,Alistair,Steadman,asteadmanfw@wikimedia.org,Male,5007669932158169,21674 Talisman Junction
574,Maison,Coleby,mcolebyfx@si.edu,Male,201440776433778,9881 Buhler Pass
575,Haroun,Osanne,hosannefy@utexas.edu,Male,374622294503866,42414 Lakewood Gardens Parkway
576,Goddard,Waterfield,gwaterfieldfz@angelfire.com,Male,561009033728643555,60191 Heffernan Junction
577,Arluene,Kynvin,akynving0@google.com.br,Female,5242657118829617,37341 Melvin Trail
578,Rubia,Bredes,rbredesg1@google.ca,Female,3549574653276499,98 Holy Cross Street
579,Madelon,Wybourne,mwybourneg2@csmonitor.com,Female,5602218361050130,99529 Vernon Court
580,Martie,Delhay,mdelhayg3@examiner.com,Male,5610686845482238,0 Hallows Point
581,Earle,Hagyard,ehagyardg4@nydailynews.com,Male,3578228073967971,5895 Rigney Plaza
582,Clemmy,Delete,cdeleteg5@xinhuanet.com,Agender,3548313087433884,31 Milwaukee Way
583,Mindy,Nehlsen,mnehlseng6@altervista.org,Female,4844755222016249,663 Meadow Valley Plaza
584,Thomasin,Varvara,tvarvarag7@marketwatch.com,Female,5450205070854608,9 Donald Trail
585,Lea,Scotson,lscotsong8@auda.org.au,Female,3577798217405048,3163 Anzinger Crossing
586,Josie,Dargan,jdargang9@ning.com,Female,3551027870459609,21 Park Meadow Hill
587,Erena,Trainor,etrainorga@xing.com,Agender,3572481766394716,7861 Burning Wood Pass
588,Marius,Weatherhogg,mweatherhogggb@wikipedia.org,Male,633110393752457576,055 Myrtle Drive
589,Benetta,Curphey,bcurpheygc@opera.com,Female,56103759611500504,12066 Boyd Center
590,Latia,Sweed,lsweedgd@posterous.com,Female,4913382145266615,16925 Loomis Court
591,Connie,Frissell,cfrissellge@chicagotribune.com,Male,3586659476114060,5 Cody Place
592,Magnum,Kosel,mkoselgf@naver.com,Male,4903775587418762,5 Schurz Place
593,Rudolph,Fiddymont,rfiddymontgg@dedecms.com,Male,201521783822895,45489 Pennsylvania Pass
594,Christoffer,Docherty,cdochertygh@fastcompany.com,Male,3530648871472766,65 Columbus Place
595,Erroll,Darrell,edarrellgi@yahoo.com,Male,3567358164754807,1439 Nova Trail
596,Jesselyn,Hembling,jhemblinggj@samsung.com,Female,5471614642486192,39231 Raven Crossing
597,Halsy,Freda,hfredagk@google.com.hk,Bigender,589311191630493370,82 Nancy Pass
598,Rice,Farans,rfaransgl@wisc.edu,Male,3588303101249615,456 Northland Circle
599,Dasha,Scougall,dscougallgm@wsj.com,Female,201703359368996,582 Eastlawn Avenue
600,Akim,Dowsett,adowsettgn@google.nl,Male,4041374543084414,0977 Kennedy Alley
601,Adi,Ion,aiongo@newsvine.com,Genderqueer,5602228087273361,0 Mcguire Circle
602,Davine,Heritege,dheritegegp@sourceforge.net,Female,3536344760831395,27252 Loftsgordon Center
603,Nevile,Feldhammer,nfeldhammergq@mediafire.com,Male,3531375594547976,5415 Holmberg Avenue
604,Smith,Wrassell,swrassellgr@washington.edu,Male,4026785282913589,049 Melrose Parkway
605,Ginelle,Presman,gpresmangs@merriam-webster.com,Female,3531277271474096,25 Southridge Road
606,Obadiah,Hedgeley,ohedgeleygt@yelp.com,Male,67594135399447841,214 Stone Corner Pass
607,Garrott,Quantrell,gquantrellgu@squarespace.com,Male,589339517771539605,19 Arapahoe Point
608,Keely,Leven,klevengv@cocolog-nifty.com,Female,3589374872622826,7442 Kropf Road
609,Florentia,Jansik,fjansikgw@java.com,Female,3535515710407854,0 Helena Park
610,Dewey,Challiner,dchallinergx@ft.com,Male,3536281151709402,825 Tennessee Alley
611,Vivia,Jewks,vjewksgy@kickstarter.com,Female,374283969654334,354 Springs Way
612,Maren,Rawcliffe,mrawcliffegz@unicef.org,Female,67593837882899146,744 Acker Pass
613,Derick,Satyford,dsatyfordh0@salon.com,Male,4041371289463,8346 Straubel Avenue
614,Brose,De Giovanni,bdegiovannih1@360.cn,Male,3548356341192135,28998 Lakeland Avenue
615,Etienne,Menear,emenearh2@tinyurl.com,Bigender,6709076264932090799,6602 Nevada Lane
616,Darin,Alvarado,dalvaradoh3@lulu.com,Male,3573730922259760,03522 Steensland Way
617,Orv,Thornley,othornleyh4@github.com,Male,3557892726916217,46590 Farwell Road
618,Werner,Bortoloni,wbortolonih5@hostgator.com,Male,374283125331942,2 Mariners Cove Trail
619,Allison,Nicholas,anicholash6@virginia.edu,Female,4917558473738293,3 Harbort Road
620,Tisha,Beardsdale,tbeardsdaleh7@timesonline.co.uk,Female,4917058163329461,50 Truax Alley
621,Buddy,Knibb,bknibbh8@indiegogo.com,Male,6331100589163897055,519 Karstens Parkway
622,Raddy,Schimaschke,rschimaschkeh9@mayoclinic.com,Male,50189905416733572,83 Warbler Crossing
623,Efrem,Waight,ewaightha@squarespace.com,Male,3561563769139694,0328 Elka Road
624,Rollins,Degue,rdeguehb@nsw.gov.au,Male,3564840267759117,9 Stone Corner Way
625,Archie,McGeorge,amcgeorgehc@techcrunch.com,Male,3541252476243156,247 Esch Parkway
626,Trudey,Baleine,tbaleinehd@google.nl,Female,50380664105763864,25032 Moose Pass
627,Seymour,Kleinmintz,skleinmintzhe@msn.com,Male,5010128406879649,7207 Melby Crossing
628,Alisha,Wansbury,awansburyhf@ustream.tv,Female,3549885934853785,8355 Sachs Circle
629,Luca,Logsdail,llogsdailhg@oracle.com,Male,5002353584096895,3 Barnett Lane
630,Aloysius,Lembrick,alembrickhh@scientificamerican.com,Male,5455499071136983,50950 Utah Alley
631,Sheila,Argontt,sargontthi@pinterest.com,Female,6771897910934093,5 Darwin Parkway
632,Noll,Wigin,nwiginhj@smugmug.com,Male,3570728988346748,7147 Twin Pines Lane
633,Brena,Minogue,bminoguehk@hp.com,Female,493623815593222982,7 Bellgrove Hill
634,Kinnie,Trynor,ktrynorhl@theglobeandmail.com,Male,4041590624854,8547 Mosinee Avenue
635,Dacy,Depka,ddepkahm@amazonaws.com,Female,6304563448332632,06 Karstens Plaza
636,Brittne,Brewer,bbrewerhn@businesswire.com,Female,3528459348755484,4 Fairfield Way
637,Indira,Hexum,ihexumho@discovery.com,Female,3569175041499374,29600 Esker Court
638,Dulce,Filisov,dfilisovhp@dyndns.org,Female,560223548738911009,6956 Clove Court
639,Julian,Bon,jbonhq@harvard.edu,Male,6706260317870909,7 Village Plaza
640,Melvin,Allon,mallonhr@gov.uk,Male,3565285710380880,944 Atwood Way
641,Zackariah,Elnor,zelnorhs@infoseek.co.jp,Male,5100174793902488,6742 Sullivan Road
642,Mareah,Helling,mhellinght@blogspot.com,Female,5493760999129804,26464 Toban Pass
643,Britni,Hobgen,bhobgenhu@altervista.org,Female,3562629086763349,04818 South Pass
644,Ivar,Loughney,iloughneyhv@acquirethisname.com,Male,30421480203100,11826 Knutson Crossing
645,Britt,Burnip,bburniphw@mapy.cz,Male,560222963365733355,2 Grover Terrace
646,Barby,Merigon,bmerigonhx@joomla.org,Female,3580462923169142,912 Bay Center
647,Beverlee,Cowope,bcowopehy@home.pl,Female,3587619409502046,6 Myrtle Circle
648,Trula,Tabary,ttabaryhz@sfgate.com,Bigender,30225925489483,099 Everett Alley
649,Elvin,Tudbald,etudbaldi0@huffingtonpost.com,Male,3589970901328325,8 Spenser Trail
650,Estevan,Mollon,emolloni1@gmpg.org,Male,676311582049702713,99316 Corry Trail
651,Erroll,D'Almeida,edalmeidai2@edublogs.org,Male,06041789231260585,5 Sunbrook Parkway
652,Josi,Childerley,jchilderleyi3@seattletimes.com,Female,30190877266265,2 Lawn Alley
653,Rosalyn,McCosh,rmccoshi4@w3.org,Female,3579974985727560,70833 Debra Crossing
654,Clevey,Arnold,carnoldi5@bbb.org,Male,3567484142549398,4 Hansons Road
655,Izzy,Corston,icorstoni6@google.com,Male,3574876302844074,705 Oak Plaza
656,Ianthe,Grunbaum,igrunbaumi7@slideshare.net,Female,4913533646087146,9 Graceland Pass
657,Cyrillus,Ridsdell,cridsdelli8@baidu.com,Male,3554271188310479,96435 Melody Point
658,Jereme,Sarl,jsarli9@wikipedia.org,Male,6331109150661532,09 Fulton Alley
659,Juanita,Del Monte,jdelmonteia@discovery.com,Female,3555490337972927,7993 Red Cloud Trail
660,Madelina,Spincks,mspincksib@com.com,Female,3552849022293860,0242 Valley Edge Junction
661,Stewart,Escot,sescotic@angelfire.com,Male,3563062445149167,35 Clyde Gallagher Terrace
662,Rochell,Karlolczak,rkarlolczakid@shutterfly.com,Female,56022100143032443,292 Nevada Circle
663,Aida,Larderot,alarderotie@netlog.com,Female,3575054045581358,838 Scott Pass
664,Blondy,Oakeshott,boakeshottif@accuweather.com,Female,6767451408753536,3 Hansons Lane
665,Yoshi,Halling,yhallingig@earthlink.net,Female,3562421299738155,9861 Sutteridge Place
666,Broddie,Sposito,bspositoih@oaic.gov.au,Male,3588788100307788,222 Menomonie Center
667,Wini,Warbeys,wwarbeysii@ihg.com,Female,5610276400031453,423 Melrose Terrace
668,Andra,Dalwood,adalwoodij@cnbc.com,Female,3553377169319487,01652 Loeprich Street
669,Dun,O'Rudden,doruddenik@ifeng.com,Polygender,3549701237309591,2196 1st Lane
670,Prinz,Reek,preekil@seattletimes.com,Male,3532333776037596,0 Roxbury Trail
671,Hagan,Elgar,helgarim@netlog.com,Non-binary,3536216151330692,6 Tennessee Plaza
672,Kimble,Lomasney,klomasneyin@bravesites.com,Male,6759978860170098677,66 Waubesa Avenue
673,Quinlan,Trowill,qtrowillio@ebay.co.uk,Male,372301458005131,03106 Shoshone Parkway
674,Vivien,Lumsdaine,vlumsdaineip@gravatar.com,Female,4905450083115696,982 Hudson Way
675,Clyve,Dearden,cdeardeniq@dell.com,Male,3565408772916728,170 Grayhawk Lane
676,Kimbell,Causey,kcauseyir@un.org,Male,6333197912108569,8 Talisman Terrace
677,Shanon,Menilove,smeniloveis@census.gov,Female,3554841312481014,6433 Amoth Alley
678,Tommy,Aronson,taronsonit@lulu.com,Female,3559511921547274,949 Sycamore Plaza
679,Elsbeth,Surgood,esurgoodiu@army.mil,Female,5602228431103967,474 American Ash Park
680,Hayyim,Peckitt,hpeckittiv@sun.com,Genderfluid,5347450502362948,81451 Magdeline Drive
681,Janot,Hinrichsen,jhinrichseniw@netvibes.com,Female,3553118772653908,1 Sunbrook Circle
682,Irvine,Bearne,ibearneix@t.co,Male,5007668836151692,8773 Carioca Hill
683,Roscoe,MacGowing,rmacgowingiy@yahoo.com,Male,5587637539377977,70 Dennis Park
684,Sigfried,Pellingar,spellingariz@topsy.com,Male,5602231640206530,273 Sauthoff Drive
685,Peggy,Chazerand,pchazerandj0@privacy.gov.au,Female,5641828439805092,209 Merry Parkway
686,Eward,Pickersgill,epickersgillj1@bluehost.com,Male,5602215115810611,7331 Warrior Center
687,Wilow,Barstow,wbarstowj2@oaic.gov.au,Female,3549695511827882,820 Briar Crest Junction
688,Roselia,Cotter,rcotterj3@sciencedirect.com,Female,4017959596927848,09604 Derek Terrace
689,Moira,Snelling,msnellingj4@github.com,Polygender,201905969617601,321 Pleasure Point
690,Freida,Harses,fharsesj5@blogger.com,Female,4936134070869094147,1 Mendota Center
691,Florrie,Lydiard,flydiardj6@forbes.com,Genderqueer,343563310572253,95 Farwell Court
692,Dinny,Rawsthorne,drawsthornej7@bigcartel.com,Female,3585488053431452,476 Ilene Junction
693,Torrence,Custy,tcustyj8@un.org,Male,6759234280743654,70 Duke Avenue
694,Ninnette,Chamberlin,nchamberlinj9@infoseek.co.jp,Female,3583938841353113,7198 Oak Valley Trail
695,Valentin,Cullon,vcullonja@fc2.com,Male,4405596230537763,78867 3rd Center
696,Cort,Warhurst,cwarhurstjb@google.it,Genderfluid,3569249333520112,1928 Gale Lane
697,Robinette,Wilbor,rwilborjc@t-online.de,Genderfluid,376969973171210,124 Sachs Center
698,Layton,Blowen,lblowenjd@blogs.com,Male,5137756913034379,2231 Wayridge Plaza
699,Timofei,Garnsworthy,tgarnsworthyje@woothemes.com,Agender,341449842875970,2832 Pennsylvania Crossing
700,Emmy,Ellerington,eelleringtonjf@tripod.com,Female,3541176389053206,61143 Heffernan Place
701,Nils,Hainey,nhaineyjg@spiegel.de,Male,493652726046178438,2 Fremont Place
702,Olga,Stanmer,ostanmerjh@zimbio.com,Female,3584162425556202,3 Shelley Court
703,Bryna,Debill,bdebillji@is.gd,Female,3578341489362677,1 Leroy Plaza
704,Beauregard,Plume,bplumejj@360.cn,Male,5020661544430847327,584 Golf Course Parkway
705,Bard,Broschek,bbroschekjk@ustream.tv,Genderqueer,30154592812779,64462 Bunting Parkway
706,Shoshana,Windrum,swindrumjl@hud.gov,Female,5287783903924029,132 3rd Parkway
707,Lodovico,Handrahan,lhandrahanjm@dropbox.com,Male,5010128419945411,3 La Follette Parkway
708,Siobhan,Elcox,selcoxjn@psu.edu,Female,374283386990865,183 Thompson Drive
709,Jerri,Sheardown,jsheardownjo@unblog.fr,Male,3586547065467702,2 Macpherson Trail
710,Giulio,Derr,gderrjp@si.edu,Male,3581615866072479,2 Cody Trail
711,Norris,Sidlow,nsidlowjq@answers.com,Male,372301846437459,26 Sachtjen Place
712,Madel,Comfort,mcomfortjr@whitehouse.gov,Female,4936180888997617437,81 Granby Court
713,Abigale,Veighey,aveigheyjs@skype.com,Female,3559201230712583,78064 Dovetail Place
714,Cass,Roiz,croizjt@springer.com,Female,3551996114603273,26492 Elgar Place
715,Vaughan,Langforth,vlangforthju@cdbaby.com,Male,560223558533939360,1254 Meadow Vale Crossing
716,Stephana,Staveley,sstaveleyjv@rambler.ru,Female,5100134245031179,598 Northwestern Lane
717,Melony,Kovelmann,mkovelmannjw@google.ru,Female,560225983872258974,031 Fordem Center
718,Rockie,Ccomini,rccominijx@ning.com,Male,3538431022370953,5 Eastlawn Drive
719,Prissie,Risson,prissonjy@e-recht24.de,Female,3570578108571422,71088 Coolidge Center
720,Dick,Carletto,dcarlettojz@prlog.org,Male,372301652078124,85775 Buena Vista Point
721,Winne,Boutton,wbouttonk0@washingtonpost.com,Female,6331102449552281,06 Pankratz Lane
722,Haze,MacCrachen,hmaccrachenk1@webs.com,Male,3553066389800422,99 Drewry Place
723,Elvin,Arlidge,earlidgek2@gnu.org,Male,374283311127492,28 Park Meadow Junction
724,Ola,Delatour,odelatourk3@over-blog.com,Female,3547322635981907,4036 Dapin Pass
725,Ariadne,Shouler,ashoulerk4@usatoday.com,Female,3557138776607250,03655 Melvin Avenue
726,Bradly,Kahn,bkahnk5@i2i.jp,Male,3534084236802933,43338 Barnett Point
727,Nat,Frith,nfrithk6@moonfruit.com,Male,6762148220382446439,77 Reinke Junction
728,Sergio,Fotheringham,sfotheringhamk7@abc.net.au,Male,5602216179844744,9032 Melody Alley
729,Lolita,Tarbath,ltarbathk8@nifty.com,Female,3531248870210082,55 Oneill Pass
730,Emmye,Youd,eyoudk9@amazon.co.uk,Genderfluid,3536850355001012,8 Burrows Center
731,Kellsie,Garralts,kgarraltska@slashdot.org,Female,36297730460391,0866 Superior Terrace
732,Ginny,Basketfield,gbasketfieldkb@icq.com,Female,3542982359082094,3 Coleman Lane
733,Mickey,Klimshuk,mklimshukkc@canalblog.com,Male,3553813192790286,52759 Northport Pass
734,Wiley,Gaven,wgavenkd@amazon.co.uk,Male,3540496164990013,51948 Bunting Crossing
735,Hamil,Baise,hbaiseke@amazon.de,Male,3541136310080587,663 Farragut Pass
736,Rana,Blazynski,rblazynskikf@vkontakte.ru,Genderqueer,3550859734954594,45 Thompson Court
737,Astra,Doret,adoretkg@bravesites.com,Female,3584321819312354,5747 Sachtjen Parkway
738,Burty,Cow,bcowkh@360.cn,Bigender,5149239237811281,42 Meadow Vale Center
739,Tedman,Tuckerman,ttuckermanki@imgur.com,Male,676391327577701239,44364 Delladonna Alley
740,Dodie,Biggam,dbiggamkj@arstechnica.com,Female,67611095125554501,47789 Sunbrook Street
741,Lorraine,Thewles,lthewleskk@samsung.com,Female,4913946085136184,687 Eagle Crest Alley
742,Lauree,Richings,lrichingskl@weebly.com,Bigender,560224210111632897,56144 Ridge Oak Plaza
743,Rowney,Eddolls,reddollskm@tmall.com,Male,6397586649162688,53580 Becker Avenue
744,Erskine,Sidon,esidonkn@wsj.com,Male,3529907469231320,04 Norway Maple Alley
745,Mychal,Fleetham,mfleethamko@google.com.au,Male,3564497866771025,09296 International Point
746,Jerrilyn,Stowell,jstowellkp@newsvine.com,Female,5602224180114628,403 Bartillon Avenue
747,Shannen,Melin,smelinkq@last.fm,Agender,3573472059615825,338 Bartillon Alley
748,Wayne,Bernth,wbernthkr@cbc.ca,Male,374288558884390,84388 Cardinal Way
749,Halie,Bedrosian,hbedrosianks@sfgate.com,Female,5416948359432603,21 Pond Street
750,Dottie,Topling,dtoplingkt@skype.com,Female,6771295110114162,02 Mallory Street
751,Hayley,Eccleshare,heccleshareku@about.me,Female,3547705056393901,1 Porter Road
752,Matilde,China,mchinakv@comcast.net,Female,4175004984438823,87 Utah Circle
753,Bernete,Itzkov,bitzkovkw@zimbio.com,Female,3541701776614243,421 Myrtle Trail
754,Adrianna,Coleiro,acoleirokx@sbwire.com,Female,3588127403468643,2 Rowland Pass
755,Nickolai,Hallgath,nhallgathky@nytimes.com,Male,3589673086454136,59900 Corben Way
756,Magdalena,Kennedy,mkennedykz@bravesites.com,Female,3542527435920310,35 Sundown Crossing
757,Hugh,Hellin,hhellinl0@wikipedia.org,Male,6759614323222720343,193 Bunker Hill Point
758,Artemas,Duff,aduffl1@umich.edu,Male,490308655044288598,3 Roxbury Crossing
759,Laraine,Hankins,lhankinsl2@google.com.au,Female,372301204755419,51 Surrey Alley
760,Michal,Claybourne,mclaybournel3@ning.com,Male,3564483003036654,5 Hayes Place
761,Glyn,Benes,gbenesl4@zimbio.com,Female,3541512593753241,313 Jay Pass
762,Pernell,Ellery,pelleryl5@rakuten.co.jp,Male,4508412905493942,4598 Warner Place
763,Jarret,Fairman,jfairmanl6@huffingtonpost.com,Male,3569953206466051,8921 Sunnyside Drive
764,Vin,Bartaletti,vbartalettil7@liveinternet.ru,Female,30572656856004,5833 Larry Road
765,Maggy,Blanche,mblanchel8@tinyurl.com,Female,4844643845075026,6469 Kedzie Trail
766,Wilona,Powland,wpowlandl9@google.ca,Female,4917834252115650,70 Sherman Alley
767,Esma,Dobbinson,edobbinsonla@fotki.com,Female,561005857191563039,37 Burning Wood Street
768,Dwain,Darthe,ddarthelb@privacy.gov.au,Male,3546205342924446,6117 Autumn Leaf Point
769,Staford,Laugheran,slaugheranlc@nationalgeographic.com,Non-binary,3533864258394302,1708 Memorial Terrace
770,Brent,Yukhnin,byukhninld@time.com,Male,5893437439024079,2451 Elgar Terrace
771,Carmina,Dunston,cdunstonle@t.co,Female,3555934213131140,22 Artisan Road
772,Riki,Paprotny,rpaprotnylf@posterous.com,Genderqueer,3560624165761886,0364 Spenser Pass
773,Loree,Brumbye,lbrumbyelg@tmall.com,Female,3532180072269781,429 Ridgeview Lane
774,Tabor,Pratt,tprattlh@people.com.cn,Male,4844306256469852,3645 Cambridge Terrace
775,Elyse,Colby,ecolbyli@is.gd,Non-binary,3545474114788196,8 Mosinee Place
776,Lorne,Breffitt,lbreffittlj@smh.com.au,Male,6388519784962332,295 Hallows Center
777,Bartholomeo,Ducrow,bducrowlk@unc.edu,Genderqueer,5352301062270405,5 Hudson Place
778,Bellina,De Bernardi,bdebernardill@cbslocal.com,Female,6393299053822797,6221 Chive Parkway
779,Carlen,Leteurtre,cleteurtrelm@spiegel.de,Female,3546623463554273,7 Fulton Plaza
780,Ivar,Cheeney,icheeneyln@webs.com,Male,3585838572569234,2218 Haas Alley
781,Danica,Jephson,djephsonlo@earthlink.net,Female,6709216087226463,3955 Columbus Drive
782,Analise,Wife,awifelp@instagram.com,Genderqueer,676777009608537311,589 Spaight Place
783,Enriqueta,Madrell,emadrelllq@ibm.com,Female,4917936670044808,1 Chive Avenue
784,Guinevere,Pennyman,gpennymanlr@stanford.edu,Female,36202636745424,11 Esker Court
785,Meryl,Amburgy,mamburgyls@bloglines.com,Female,3537132385666489,2 Hanover Point
786,Mehetabel,Clamp,mclamplt@webs.com,Female,36355450736646,38 Cottonwood Hill
787,Lisbeth,Kanwell,lkanwelllu@mail.ru,Female,6333077557831131,09358 Dakota Pass
788,Agatha,Haspineall,ahaspinealllv@ibm.com,Genderqueer,58930776507989117,65 Fulton Drive
789,Jacqui,Simoneau,jsimoneaulw@liveinternet.ru,Female,3581989915446418,7682 Rockefeller Pass
790,Gabey,Lude,gludelx@dion.ne.jp,Female,3551506113701984,3772 Welch Drive
791,Frazer,Jeggo,fjeggoly@msu.edu,Male,6392763114782879,7 Kropf Terrace
792,Hercules,Oldroyde,holdroydelz@vk.com,Male,3538634040742182,1977 Claremont Lane
793,Bab,Rankin,brankinm0@ow.ly,Female,3571212969450661,84 Maple Place
794,Worden,Yeiles,wyeilesm1@disqus.com,Polygender,3540492494275027,77361 Washington Junction
795,Aharon,Dennehy,adennehym2@example.com,Male,5100179285056198,4661 Linden Parkway
796,Dav,Machent,dmachentm3@hibu.com,Male,3553951254440026,69277 Westridge Alley
797,Clayson,Lorenzetti,clorenzettim4@moonfruit.com,Male,3564516646835840,3191 Cody Circle
798,Adela,Pennicott,apennicottm5@smugmug.com,Female,4175000437336630,983 Fieldstone Junction
799,Shirlee,Goodlip,sgoodlipm6@wisc.edu,Female,4405413106449794,43014 Independence Plaza
800,Chilton,Henrichsen,chenrichsenm7@myspace.com,Male,3548189384881003,98409 Lawn Place
801,Jillana,Stookes,jstookesm8@scribd.com,Agender,56022453571466124,73 Main Court
802,Charmain,McTiernan,cmctiernanm9@yandex.ru,Bigender,4508118494821753,99 Canary Parkway
803,Zaria,Mc Gaughey,zmcgaugheyma@sciencedaily.com,Female,56022286147761747,2 Declaration Center
804,Ilsa,Wake,iwakemb@cbslocal.com,Female,374622963746291,99728 Dexter Junction
805,Michaelina,Thrush,mthrushmc@hud.gov,Female,5421619876780484,8 Fuller Street
806,Deana,Coker,dcokermd@storify.com,Female,3535099129097978,5985 Eagan Hill
807,Holly,Sterte,hsterteme@hibu.com,Genderfluid,6763294603920755,85 6th Center
808,Jerrome,Durker,jdurkermf@about.com,Male,4041595382904,4 Havey Point
809,Rudd,Ruddock,rruddockmg@mapquest.com,Male,3533086067739168,4333 Florence Junction
810,Darryl,Prendeguest,dprendeguestmh@stanford.edu,Male,3588171241116568,173 Hoepker Street
811,Petronille,Quye,pquyemi@ocn.ne.jp,Female,5100140096282175,9 Quincy Avenue
812,Eduard,Falkner,efalknermj@nih.gov,Male,5602255897096310,107 2nd Terrace
813,Darlene,Klehyn,dklehynmk@washingtonpost.com,Female,6709786857832632460,5 Montana Alley
814,Zsa zsa,Dufer,zduferml@rediff.com,Female,3535076466488648,241 Karstens Trail
815,Valentine,Wonfor,vwonformm@dmoz.org,Male,5552892584974472,299 Grim Pass
816,Delinda,Elmar,delmarmn@tmall.com,Female,5610242788963964,975 Tennessee Junction
817,Silvester,Bestwerthick,sbestwerthickmo@domainmarket.com,Male,5280202305648224,249 Comanche Circle
818,Felice,Rosin,frosinmp@quantcast.com,Non-binary,3546761594643209,582 Loomis Lane
819,Donovan,Matiebe,dmatiebemq@devhub.com,Male,3540226586504419,88680 Knutson Junction
820,Merill,Avrahm,mavrahmmr@hao123.com,Male,3548381692211227,9881 Towne Avenue
821,Garold,Meiklam,gmeiklamms@google.com,Male,5602238407493953,90 Clyde Gallagher Parkway
822,Bernardina,MacGorman,bmacgormanmt@spiegel.de,Female,5002357486922439,37 Badeau Avenue
823,Tania,Totton,ttottonmu@tuttocitta.it,Female,5546673553267760,5 Annamark Avenue
824,Carmine,Satterfitt,csatterfittmv@edublogs.org,Male,3537538619199172,26 Northfield Lane
825,Therine,Daines,tdainesmw@blogger.com,Polygender,5010123909755438,03 Kenwood Center
826,Karrah,Pimlock,kpimlockmx@dion.ne.jp,Female,4911876097676483,11 Dakota Place
827,Perle,Escoffrey,pescoffreymy@toplist.cz,Female,5108752659102277,728 Redwing Point
828,Valle,Petchey,vpetcheymz@exblog.jp,Male,3567921065124626,843 Center Street
829,Corette,Mellings,cmellingsn0@imageshack.us,Genderqueer,3587972030544741,538 Dryden Plaza
830,Linnet,Duckers,lduckersn1@hhs.gov,Agender,6767619212585985,9456 Veith Junction
831,Marshall,Downse,mdownsen2@behance.net,Male,3563563723389680,59376 Stephen Trail
832,Ozzy,Aldhouse,oaldhousen3@ameblo.jp,Male,3549282806241358,49 Armistice Place
833,Rickie,Petcher,rpetchern4@cbslocal.com,Male,3547749425091218,1 Johnson Pass
834,Persis,Pettie,ppettien5@ed.gov,Female,3587244789849386,1911 Vernon Street
835,Boothe,Dael,bdaeln6@about.me,Male,4508360180465376,3 Steensland Drive
836,Currey,Erington,ceringtonn7@digg.com,Male,6333734774675218,65280 Stephen Avenue
837,Penny,Grangier,pgrangiern8@google.com.au,Female,3562450456885822,32 Hoard Parkway
838,Kennan,Roskeilly,kroskeillyn9@aboutads.info,Male,201898045385931,91158 Fulton Way
839,Noam,Guymer,nguymerna@surveymonkey.com,Male,374283825461627,56 Forster Drive
840,Dorris,Moralas,dmoralasnb@pbs.org,Female,3560503966136714,2098 Nova Center
841,Lari,Glancey,lglanceync@geocities.jp,Female,201777342435195,93162 Morning Circle
842,Morley,Balffye,mbalffyend@oakley.com,Male,5018015822705063425,2 Schmedeman Center
843,Kienan,Krystek,kkrystekne@seesaa.net,Male,6304747793285400360,996 Elmside Drive
844,Emmie,Mousdall,emousdallnf@fema.gov,Female,3576514440180709,2531 Kinsman Park
845,Saundra,Rookes,srookesng@reverbnation.com,Female,3571650553750337,31853 Cottonwood Street
846,Tito,Keeffe,tkeeffenh@dion.ne.jp,Male,3575455052020927,4616 Northridge Road
847,Garry,Ceeley,gceeleyni@php.net,Male,5100144752884449,40 Shopko Place
848,Reed,Brosenius,rbroseniusnj@seesaa.net,Male,3588643224131954,69 Messerschmidt Plaza
849,Fidelio,Godney,fgodneynk@msu.edu,Male,3571171680679604,65 Schmedeman Place
850,Blondy,MacCague,bmaccaguenl@miibeian.gov.cn,Female,675963924204288349,6514 Merrick Circle
851,Theresita,Stiff,tstiffnm@wikia.com,Female,5602246188638357,19243 Cardinal Trail
852,Elnora,Butchers,ebutchersnn@elegantthemes.com,Female,3563260033368518,7 Monterey Drive
853,Tammie,Rudram,trudramno@mediafire.com,Male,633347423035481385,39 Southridge Court
854,Liuka,Samwyse,lsamwysenp@paypal.com,Female,3543432054034957,6 Hoffman Plaza
855,Nichol,Calcraft,ncalcraftnq@netvibes.com,Female,3545506615027796,194 Scoville Street
856,Valentina,Meckiff,vmeckiffnr@blogtalkradio.com,Female,3561611246652209,9 Holy Cross Circle
857,Gayler,Glenfield,gglenfieldns@shutterfly.com,Male,201720960713626,79139 Scofield Circle
858,Antone,Brearton,abreartonnt@vimeo.com,Male,6759604668386252,500 Sullivan Center
859,Dov,McCurlye,dmccurlyenu@dailymotion.com,Male,676318857645709251,05 Havey Pass
860,Phillipp,Turneux,pturneuxnv@scientificamerican.com,Male,3547274642589217,72909 Granby Plaza
861,Yehudit,Rosencwaig,yrosencwaignw@europa.eu,Male,3576266843902417,94 Schurz Pass
862,Conway,Raffon,craffonnx@freewebs.com,Male,670678454641350756,35 Hanover Parkway
863,Addie,Gulk,agulkny@cnbc.com,Bigender,3562518705835135,413 Cody Crossing
864,Marya,Montes,mmontesnz@netlog.com,Female,3553643138177243,33 Novick Park
865,Kaylee,O'Hallihane,kohallihaneo0@opera.com,Female,3567053343569651,48009 Graceland Place
866,Rennie,Copping,rcoppingo1@fastcompany.com,Female,5100142668909318,948 Melvin Pass
867,Jeane,Marple,jmarpleo2@g.co,Female,6304229821407660,0 Caliangt Avenue
868,Sephira,Shortin,sshortino3@google.fr,Female,5100145554854357,31 Burning Wood Drive
869,Alys,Limb,alimbo4@shop-pro.jp,Female,3589142192001553,80 Towne Trail
870,Mason,Alessandone,malessandoneo5@acquirethisname.com,Male,30317306611668,44 Schurz Center
871,Layney,Bacon,lbacono6@spiegel.de,Female,3550687882123732,5818 Riverside Hill
872,Tori,Kenshole,tkensholeo7@intel.com,Female,56022153100138984,8 8th Terrace
873,Priscilla,Massel,pmasselo8@berkeley.edu,Female,3545636798174469,45003 Stephen Road
874,Upton,Harcourt,uharcourto9@storify.com,Male,5602254361416831,29385 Farragut Terrace
875,Horace,Agastina,hagastinaoa@drupal.org,Male,36608407939386,6827 Clove Terrace
876,Glenda,Scotson,gscotsonob@telegraph.co.uk,Female,337941940566242,05 Oak Valley Trail
877,Ahmad,Odlin,aodlinoc@ucla.edu,Male,5602221040285101,8696 Ridgeview Terrace
878,Derry,Catherick,dcatherickod@macromedia.com,Male,3577726287461724,41835 Clarendon Pass
879,Ivonne,Fraanchyonok,ifraanchyonokoe@oaic.gov.au,Female,3537089241551190,77758 Sherman Trail
880,Cordie,Comberbach,ccomberbachof@buzzfeed.com,Female,5641828718728119408,300 Granby Pass
881,Cara,Thirst,cthirstog@google.co.uk,Female,3565814173977278,268 Summerview Center
882,Inigo,Crotch,icrotchoh@msu.edu,Male,3571903980636698,9784 Summer Ridge Court
883,Elyn,Killcross,ekillcrossoi@newsvine.com,Female,4175000493768536,38227 Mendota Pass
884,Lock,Prazor,lprazoroj@unc.edu,Male,3586303874281557,11452 Ryan Alley
885,Kip,Jahn,kjahnok@infoseek.co.jp,Male,4905295449925252438,60 Everett Lane
886,Lynde,Palia,lpaliaol@blog.com,Female,3528744818355844,5089 Orin Court
887,Merwin,Minto,mmintoom@google.pl,Male,5010121526452983,7097 Grasskamp Parkway
888,Luke,Waterfall,lwaterfallon@house.gov,Male,5461958483253605,987 Vera Avenue
889,Nicki,Mariel,nmarieloo@scientificamerican.com,Female,201731090240372,0442 Mcbride Terrace
890,Nichol,Echalier,nechalierop@cmu.edu,Female,4041372277297517,354 Maple Crossing
891,Bjorn,Vowles,bvowlesoq@slideshare.net,Male,3550308257629415,42590 Melvin Court
892,Rene,Uzelli,ruzellior@earthlink.net,Female,4936439954754983,0 Golf View Avenue
893,Myrna,Hounsom,mhounsomos@mediafire.com,Female,6304461918388012,35319 Merchant Drive
894,Benedikta,Carnie,bcarnieot@amazon.de,Female,5018010167739257,44341 2nd Park
895,Nady,Pepperell,npepperellou@barnesandnoble.com,Polygender,5100139137188862,8 Coleman Alley
896,Christean,Reynold,creynoldov@vk.com,Non-binary,561085489311511095,23452 Lakeland Center
897,Arney,Barbey,abarbeyow@google.de,Bigender,3548992658880118,2291 Warner Point
898,Olvan,Cluff,ocluffox@wix.com,Male,6304867360626024,3 Ludington Terrace
899,Herschel,Scardafield,hscardafieldoy@epa.gov,Bigender,3540219640337637,589 Havey Alley
900,Audy,Toulmin,atoulminoz@is.gd,Female,3559132426396941,52486 Randy Road
901,Vere,Gatling,vgatlingp0@amazon.co.uk,Female,5610649584316694,6 Kings Lane
902,Nahum,MacShirrie,nmacshirriep1@columbia.edu,Male,4936650582432862960,53 Rusk Drive
903,Laureen,Martygin,lmartyginp2@utexas.edu,Female,5100149351895639,10 Ridgeway Hill
904,Guillaume,Bolger,gbolgerp3@dyndns.org,Male,3538519789466962,205 Debra Alley
905,Ansel,Whatman,awhatmanp4@nymag.com,Male,5602251688993021,364 Carioca Parkway
906,Darrin,Beevens,dbeevensp5@seesaa.net,Male,5602236953647337,35869 Maywood Crossing
907,Grantley,Diggles,gdigglesp6@tinypic.com,Male,5462313920209696,33 Brown Street
908,Eleanora,Pavett,epavettp7@va.gov,Female,3552584946793352,0952 Dennis Junction
909,Yale,Ketchen,yketchenp8@epa.gov,Male,3570011432645829,89555 Lindbergh Center
910,Ryan,Dallan,rdallanp9@si.edu,Male,3542345573402268,6687 Eagan Avenue
911,Guntar,Tolle,gtollepa@scientificamerican.com,Male,3580650906189414,4 Moose Circle
912,Chad,Popple,cpopplepb@buzzfeed.com,Male,30150607686760,058 Jenifer Plaza
913,Ulises,Lande,ulandepc@dmoz.org,Male,201745284427603,25838 Sunnyside Court
914,Vita,Petracco,vpetraccopd@noaa.gov,Female,5100176911489793,93242 Dryden Parkway
915,Ashil,Tamlett,atamlettpe@apache.org,Female,5108751109707396,35962 Artisan Hill
916,Aubree,Mallord,amallordpf@163.com,Non-binary,371851347172766,3885 Delaware Terrace
917,Lenna,Kairns,lkairnspg@shinystat.com,Female,5020054522347923,4 Loftsgordon Crossing
918,Casi,Aberchirder,caberchirderph@zimbio.com,Female,50384969772622954,371 Old Gate Alley
919,Kassey,Gethyn,kgethynpi@intel.com,Female,3531974035634953,6 Magdeline Lane
920,Isabeau,Cornu,icornupj@disqus.com,Female,5018868060238473,12 La Follette Lane
921,Richardo,Willford,rwillfordpk@over-blog.com,Male,6759805574571991716,55 Dwight Alley
922,Oliviero,Oakwell,ooakwellpl@latimes.com,Male,3540405732033750,47044 Buena Vista Street
923,Wolfgang,Regardsoe,wregardsoepm@blogspot.com,Male,3549854351391273,6 Prairieview Alley
924,Honey,Zanetello,hzanetellopn@1688.com,Female,3528586431343891,61181 Golden Leaf Trail
925,Vail,Guyon,vguyonpo@amazon.com,Male,30183049901604,7369 Clove Center
926,Susann,Blest,sblestpp@berkeley.edu,Female,201502196015335,37308 Stuart Circle
927,Nicol,Lenormand,nlenormandpq@netlog.com,Male,5602243663688759,444 Vernon Park
928,Colan,Dalgety,cdalgetypr@china.com.cn,Male,6334682979492666,4525 Valley Edge Avenue
929,Waylin,Jurick,wjurickps@princeton.edu,Male,5493118898299550,4 Union Road
930,Darrick,Testro,dtestropt@pbs.org,Male,3568881543212196,4757 Arizona Place
931,Maia,Umpleby,mumplebypu@un.org,Female,3528406899601666,9 Melody Park
932,Tandy,Forgie,tforgiepv@t-online.de,Female,3529541030836224,820 Tony Park
933,Tallou,Brunel,tbrunelpw@blinklist.com,Female,5446829225850067,43187 Knutson Trail
934,Wilma,Marshman,wmarshmanpx@woothemes.com,Female,3567584686435761,73 Roxbury Center
935,Daryn,Titheridge,dtitheridgepy@princeton.edu,Female,5602213594668675,68 Banding Drive
936,Rhea,Fairlie,rfairliepz@go.com,Female,201567851932488,47 Monument Drive
937,Ange,Rockey,arockeyq0@wsj.com,Female,67593428982207115,63843 Buena Vista Park
938,Lilla,Carratt,lcarrattq1@behance.net,Non-binary,201582133921308,9 Eastlawn Lane
939,Parsifal,Heavyside,pheavysideq2@hhs.gov,Male,3574120300612625,08 Independence Parkway
940,Frants,Huckster,fhucksterq3@paypal.com,Male,374283090181280,217 Michigan Center
941,Ferdinand,Exeter,fexeterq4@hatena.ne.jp,Male,4866203755608,94323 East Hill
942,Geneva,Taleworth,gtaleworthq5@imdb.com,Female,5602242110080966,68381 Harbort Alley
943,Eldon,Renzo,erenzoq6@istockphoto.com,Male,67620948588827591,570 Morningstar Pass
944,Bonnie,Lundon,blundonq7@blog.com,Female,3565277959817714,958 Randy Terrace
945,Chery,Dench,cdenchq8@1und1.de,Female,3583710532151837,4036 Scofield Parkway
946,Kipp,Diggons,kdiggonsq9@netscape.com,Male,5578577636987826,428 Graceland Park
947,Meaghan,Bertl,mbertlqa@state.tx.us,Female,3581541169850033,49 Jay Circle
948,Bobbie,Chastaing,bchastaingqb@scientificamerican.com,Female,5509844931572180,9644 Village Parkway
949,Fidel,Greenaway,fgreenawayqc@trellian.com,Male,3558647315756948,74 Randy Parkway
950,Zonda,Cleghorn,zcleghornqd@google.com,Female,3573667294841603,42 Farragut Pass
951,Rickert,Klosser,rklosserqe@google.ca,Non-binary,3532762031465392,466 John Wall Road
952,Atlanta,Zarfat,azarfatqf@vimeo.com,Female,63044675477499037,75 Pierstorff Drive
953,Jo,Leber,jleberqg@senate.gov,Female,3557082053835939,34 Ridgeview Circle
954,Hilario,Rehn,hrehnqh@reverbnation.com,Polygender,3573449885707745,09 Spaight Pass
955,Forster,Kyne,fkyneqi@ucla.edu,Male,5370522655609554,35 Bartillon Junction
956,Angy,MacConnulty,amacconnultyqj@state.gov,Female,6334831647043202514,14412 Monument Crossing
957,Ruttger,Mayor,rmayorqk@google.it,Genderqueer,3588222913643999,714 Declaration Lane
958,Brose,Carah,bcarahql@wordpress.com,Male,5038819005964901,690 Orin Hill
959,Andris,Ert,aertqm@prweb.com,Male,30225171446062,70202 Moland Hill
960,Beck,Ferier,bferierqn@slate.com,Bigender,5610982949442503,6 Nancy Place
961,Ursa,Puden,upudenqo@nps.gov,Female,3552695815738524,895 Waywood Crossing
962,Tommy,Alesbrook,talesbrookqp@usnews.com,Male,3533590199105479,7 Annamark Pass
963,Michael,Sutter,msutterqq@com.com,Male,3581551082069454,69450 Leroy Circle
964,Pietrek,Tippetts,ptippettsqr@admin.ch,Male,5496046606451816,16 Eastlawn Avenue
965,Rance,Egarr,regarrqs@sciencedaily.com,Male,4844429427188712,455 Anderson Pass
966,Cristian,McAlinion,cmcalinionqt@shutterfly.com,Male,3568896080046898,52795 Meadow Ridge Crossing
967,Fidelio,Obray,fobrayqu@paypal.com,Male,3548115356711985,05398 Lakewood Gardens Street
968,Zola,Dench,zdenchqv@vinaora.com,Female,3532539559907686,7718 Nancy Plaza
969,Nancy,Mostin,nmostinqw@ning.com,Female,4905678979902493628,864 Heath Road
970,Zachariah,Dunsford,zdunsfordqx@wired.com,Polygender,4913825890215484,42030 Vera Point
971,Wilbur,Arlett,warlettqy@ameblo.jp,Male,3555858485312981,0 Menomonie Center
972,Melody,Ellar,mellarqz@ebay.com,Female,3567490855090983,40 Johnson Road
973,Jeffy,Warters,jwartersr0@fc2.com,Male,3532232107415028,7 Southridge Park
974,Winnie,Bank,wbankr1@psu.edu,Male,3579717304572070,6 Autumn Leaf Plaza
975,Mame,Skill,mskillr2@nih.gov,Female,3536146422364438,5891 Bunker Hill Pass
976,Gustaf,Lethby,glethbyr3@eventbrite.com,Male,3558730853788034,3184 Carey Terrace
977,Ilene,Caherny,icahernyr4@slideshare.net,Female,3571478076553669,96 Ilene Park
978,Grace,Voller,gvollerr5@nature.com,Male,4911303395920190,66852 Veith Way
979,Alicia,Harg,ahargr6@comsenz.com,Female,6333538929983412404,8473 Service Street
980,Cecily,Reedie,creedier7@shinystat.com,Female,3557398887012275,05702 Union Parkway
981,Merwyn,Klemz,mklemzr8@adobe.com,Male,373898706576077,1172 Bultman Hill
982,Corilla,Blastock,cblastockr9@mayoclinic.com,Female,5602229961848377,18500 Lake View Alley
983,Sigismundo,Lambourne,slambournera@baidu.com,Male,3548630941627132,97 Texas Center
984,Ivette,Muckloe,imuckloerb@t.co,Female,5100172434138900,70390 Forster Point
985,Perle,Gillani,pgillanirc@devhub.com,Female,374283412964058,8147 Cambridge Terrace
986,Libby,Planke,lplankerd@ed.gov,Female,374622403771586,56036 Stuart Drive
987,Tannie,Dyers,tdyersre@house.gov,Male,6334304772044186,979 Browning Place
988,Kristel,Maypother,kmaypotherrf@usatoday.com,Female,3538178363031328,93061 Onsgard Street
989,Arturo,Filler,afillerrg@toplist.cz,Male,3529228445359154,95 Leroy Point
990,Dannye,Muriel,dmurielrh@disqus.com,Female,670994701642727565,37 Sunfield Avenue
991,Merle,Kerwin,mkerwinri@bloomberg.com,Male,3543739368106705,34148 Hanover Circle
992,Julian,Gudger,jgudgerrj@umich.edu,Male,3582717314481010,83 Charing Cross Lane
993,Marion,Lochhead,mlochheadrk@1und1.de,Male,5602235509303189,84 Esker Avenue
994,Orville,Dubber,odubberrl@php.net,Male,3542066760388140,2669 Summit Circle
995,Cristy,MacKall,cmackallrm@artisteer.com,Bigender,3589967740647071,29 Hayes Court
996,Benton,Sculley,bsculleyrn@hud.gov,Male,30160405735495,09 Monument Trail
997,Jaclyn,Zimmerman,jzimmermanro@booking.com,Female,30541395291427,84 Loomis Alley
998,Zaccaria,Wiszniewski,zwiszniewskirp@independent.co.uk,Male,3576370195235218,081 Rockefeller Parkway
999,Verene,Candie,vcandierq@wikipedia.org,Agender,3532555679431522,37 Welch Street
1000,Tristam,Syder,tsyderrr@sphinn.com,Male,201521147861613,65192 Drewry Plaza
