id,first_name,last_name,email,gender,ip_address
1,Kelly,Danilin,kdanilin0@yahoo.com,Male,106.49.140.107
2,Adolphus,Atty,aatty1@alibaba.com,Male,108.230.25.223
3,Reinhard,Sidsaff,rsidsaff2@networksolutions.com,Male,97.224.3.162
4,Anthe,Rodgier,arodgier3@seesaa.net,Female,130.63.10.232
5,Rois,Sirmon,rsirmon4@blogs.com,Female,205.133.53.69
6,Sheila,Neesham,sneesham5@aboutads.info,Female,114.89.8.166
7,Martin,Smiz,msmiz6@wikipedia.org,Male,235.238.170.154
8,Gaspar,Schall,gschall7@goo.ne.jp,Male,188.177.223.222
9,Avrit,Mayler,amayler8@cbslocal.com,Female,177.224.93.7
10,Christoforo,Nunson,cnunson9@wikispaces.com,Polygender,155.40.202.91
11,Natassia,McQuaker,nmcquakera@amazon.com,Female,4.251.116.175
12,Kayne,Gaynor,kgaynorb@booking.com,Male,224.110.198.76
13,Allianora,MacCostigan,amaccostiganc@theatlantic.com,Female,255.171.179.31
14,Kelwin,Christall,kchristalld@about.me,Male,65.160.239.72
15,Raoul,Tolworthie,rtolworthiee@arstechnica.com,Male,209.43.49.132
16,Dorri,Kilfether,dkilfetherf@reference.com,Female,112.32.207.149
17,Bianka,Stock,bstockg@google.nl,Female,47.67.66.227
18,Ludovico,Harsnep,lharsneph@ovh.net,Male,149.225.134.130
19,See,Erricker,serrickeri@baidu.com,Male,21.47.138.48
20,Parke,Mooring,pmooringj@bravesites.com,Male,7.37.186.18
21,Joanna,Domsalla,jdomsallak@paginegialle.it,Female,164.118.85.147
22,Freemon,Prahm,fprahml@opensource.org,Male,30.213.81.210
23,Moise,Booth-Jarvis,mboothjarvism@omniture.com,Male,4.103.57.117
24,Dacey,Parsell,dparselln@hatena.ne.jp,Female,162.144.6.237
25,Giustino,Baynom,gbaynomo@dagondesign.com,Polygender,76.187.177.156
26,Adina,Sycamore,asycamorep@squarespace.com,Female,106.224.121.118
27,Carly,Ciotti,cciottiq@amazon.com,Female,201.56.121.190
28,Letitia,Bownes,lbownesr@bravesites.com,Non-binary,238.104.33.155
29,Roanne,Soppit,rsoppits@howstuffworks.com,Female,158.184.150.42
30,Bonni,Linham,blinhamt@amazon.de,Female,74.123.185.57
31,Nita,Stoddard,nstoddardu@about.me,Female,244.135.119.221
32,Eadie,Westmancoat,ewestmancoatv@nyu.edu,Female,34.229.2.89
33,Michele,Idell,midellw@ebay.co.uk,Female,27.58.201.149
34,Miranda,Zupa,mzupax@tripod.com,Female,135.166.173.44
35,Austen,Lawrenceson,alawrencesony@ibm.com,Male,24.90.184.89
36,Jerry,Litchfield,jlitchfieldz@yale.edu,Male,20.41.164.18
37,Rudolfo,Lorek,rlorek10@go.com,Male,1.135.105.246
38,Lolita,Rabbatts,lrabbatts11@flavors.me,Female,90.34.244.120
39,Jule,Bourke,jbourke12@foxnews.com,Male,64.80.80.56
40,Howie,Towll,htowll13@va.gov,Male,182.189.208.215
41,Hamnet,Harmston,hharmston14@zimbio.com,Male,130.1.47.139
42,Penn,MacTrustie,pmactrustie15@angelfire.com,Male,126.84.99.36
43,Anna-diane,Fullalove,afullalove16@engadget.com,Female,67.50.203.173
44,Collete,Woolf,cwoolf17@multiply.com,Female,195.167.180.34
45,Katrinka,Pymm,kpymm18@eventbrite.com,Female,36.242.77.7
46,Otis,Chamberlin,ochamberlin19@tinyurl.com,Male,115.109.236.148
47,Joanne,Giannoni,jgiannoni1a@oracle.com,Female,174.153.27.110
48,Lauren,Patesel,lpatesel1b@printfriendly.com,Male,153.191.247.215
49,Tonya,Kopelman,tkopelman1c@acquirethisname.com,Polygender,78.72.183.210
50,Cara,Dignum,cdignum1d@ning.com,Female,90.193.152.230
51,Arabelle,Kerr,akerr1e@oaic.gov.au,Female,24.234.218.122
52,Jewell,Clist,jclist1f@sohu.com,Female,116.128.44.188
53,Osborne,Blackaller,oblackaller1g@twitter.com,Male,229.100.221.34
54,Barney,Solman,bsolman1h@spiegel.de,Male,59.1.93.141
55,Patrizia,Grocott,pgrocott1i@ibm.com,Female,155.225.194.70
56,Art,Lesley,alesley1j@purevolume.com,Male,103.206.224.213
57,Symon,McQuode,smcquode1k@blog.com,Male,158.117.79.194
58,Susannah,Facey,sfacey1l@sourceforge.net,Female,146.201.125.233
59,Gualterio,Daintree,gdaintree1m@mail.ru,Male,117.112.22.11
60,Kayne,Trodler,ktrodler1n@mashable.com,Male,92.147.159.144
61,Marti,Coyne,mcoyne1o@sogou.com,Female,60.247.135.248
62,Phil,Smidmore,psmidmore1p@washingtonpost.com,Female,153.52.100.176
63,Ambur,Kitchenside,akitchenside1q@amazonaws.com,Bigender,8.146.22.31
64,Marchall,Oakwell,moakwell1r@si.edu,Male,199.192.55.140
65,Berthe,Meaddowcroft,bmeaddowcroft1s@lulu.com,Female,91.59.30.53
66,Sharyl,Melding,smelding1t@sourceforge.net,Female,176.187.163.154
67,Grayce,Sifleet,gsifleet1u@bizjournals.com,Female,38.219.81.149
68,Angel,Tallowin,atallowin1v@apache.org,Male,6.14.235.155
69,Doyle,Smewing,dsmewing1w@disqus.com,Non-binary,186.105.211.70
70,Renata,Ashness,rashness1x@mlb.com,Female,211.69.216.90
71,Gill,Sommer,gsommer1y@facebook.com,Male,114.39.145.24
72,Rianon,Gait,rgait1z@vimeo.com,Female,94.154.219.252
73,Trula,Dowry,tdowry20@auda.org.au,Female,208.172.3.56
74,Pincas,Rigby,prigby21@walmart.com,Polygender,164.174.242.2
75,Hewet,Medford,hmedford22@google.cn,Male,17.97.13.172
76,Natal,Mochan,nmochan23@europa.eu,Polygender,96.30.148.216
77,Godard,Guppie,gguppie24@army.mil,Male,18.46.55.106
78,Marika,MacGinney,mmacginney25@guardian.co.uk,Female,76.199.228.23
79,Marlo,Cunnell,mcunnell26@canalblog.com,Male,32.134.245.95
80,Israel,Rushford,irushford27@twitpic.com,Male,157.108.154.218
81,Arlene,Maidlow,amaidlow28@geocities.com,Female,54.107.196.69
82,Meara,De Few,mdefew29@irs.gov,Female,27.166.143.35
83,Rand,Muspratt,rmuspratt2a@tinypic.com,Male,215.58.89.67
84,Ly,Peeke-Vout,lpeekevout2b@cafepress.com,Male,12.143.252.208
85,Drusy,Bowton,dbowton2c@mashable.com,Female,247.129.236.118
86,Viviana,Bowring,vbowring2d@cmu.edu,Female,150.209.176.62
87,Harold,McEnhill,hmcenhill2e@webmd.com,Male,153.229.41.28
88,Sacha,Durden,sdurden2f@pbs.org,Female,250.117.63.196
89,Zane,Beglin,zbeglin2g@typepad.com,Male,238.191.165.222
90,Tripp,Heskins,theskins2h@nydailynews.com,Male,171.38.193.78
91,Abigail,Pancast,apancast2i@deliciousdays.com,Female,193.123.91.194
92,Lonnie,Gorcke,lgorcke2j@noaa.gov,Male,242.78.48.165
93,Marcellus,Saintpierre,msaintpierre2k@nih.gov,Male,164.211.240.226
94,Cassi,Brumen,cbrumen2l@discuz.net,Female,24.7.38.26
95,Artemis,Durdy,adurdy2m@google.com.br,Male,163.179.76.65
96,Janey,Hobble,jhobble2n@baidu.com,Female,166.66.241.132
97,Briant,Binch,bbinch2o@simplemachines.org,Male,132.216.95.78
98,Laney,Skacel,lskacel2p@creativecommons.org,Female,166.77.214.199
99,Fae,Charlton,fcharlton2q@ustream.tv,Female,57.95.95.62
100,Hewie,Shales,hshales2r@harvard.edu,Genderqueer,248.140.120.119
101,Stormie,Hamshere,shamshere2s@baidu.com,Female,240.42.54.22
102,Chaim,Da Costa,cdacosta2t@miibeian.gov.cn,Male,224.30.161.251
103,Reiko,Tother,rtother2u@xing.com,Non-binary,18.64.25.171
104,Harlen,Arbon,harbon2v@digg.com,Male,2.183.6.215
105,Corene,Castillou,ccastillou2w@google.co.jp,Female,87.202.248.88
106,Shalna,Paulon,spaulon2x@alexa.com,Female,40.218.175.174
107,Laurella,Waldron,lwaldron2y@networksolutions.com,Polygender,8.171.193.212
108,Grantley,Clewett,gclewett2z@latimes.com,Male,129.20.186.153
109,Johnette,Ladbury,jladbury30@delicious.com,Female,82.10.9.154
110,Tomkin,Pollack,tpollack31@liveinternet.ru,Male,231.192.138.74
111,Roger,Weavers,rweavers32@washington.edu,Male,14.56.106.112
112,Casey,Jarrell,cjarrell33@bbc.co.uk,Non-binary,15.99.183.87
113,Griswold,Gaiford,ggaiford34@weather.com,Non-binary,13.44.70.145
114,Lynnell,Graham,lgraham35@google.nl,Female,39.111.85.75
115,Micheline,Worgen,mworgen36@cisco.com,Female,169.143.122.76
116,Josie,Houldcroft,jhouldcroft37@odnoklassniki.ru,Female,195.76.15.230
117,Theo,Pioli,tpioli38@usda.gov,Male,250.72.32.169
118,Cortney,Canceller,ccanceller39@hubpages.com,Female,244.159.57.228
119,Bert,Honnicott,bhonnicott3a@smh.com.au,Female,105.117.64.141
120,Barbie,Janes,bjanes3b@soup.io,Female,160.1.88.219
121,Zelma,O'Corren,zocorren3c@so-net.ne.jp,Female,164.39.39.10
122,Goldina,Patrono,gpatrono3d@ed.gov,Female,92.155.62.79
123,Brigit,de Pinna,bdepinna3e@nymag.com,Female,16.169.59.111
124,Murray,Vidler,mvidler3f@squarespace.com,Male,9.26.186.54
125,Kerry,Daybell,kdaybell3g@macromedia.com,Female,104.226.9.254
126,Katti,Battye,kbattye3h@opensource.org,Female,53.156.232.238
127,Hilly,Celli,hcelli3i@hhs.gov,Male,26.254.16.203
128,Eduardo,De Laspee,edelaspee3j@printfriendly.com,Male,103.89.97.40
129,Alphonso,Ozintsev,aozintsev3k@statcounter.com,Male,106.238.233.68
130,Lee,Cometson,lcometson3l@lycos.com,Female,120.88.103.176
131,Keary,Geraldini,kgeraldini3m@google.nl,Male,218.154.246.101
132,Rolando,Winscomb,rwinscomb3n@facebook.com,Male,112.89.124.148
133,Cobby,Fludgate,cfludgate3o@w3.org,Male,16.186.221.210
134,Haskell,Spalton,hspalton3p@cbc.ca,Male,162.216.188.178
135,Roz,Longthorn,rlongthorn3q@hp.com,Female,18.17.79.211
136,Waylen,Tierny,wtierny3r@weibo.com,Male,167.254.87.231
137,Silvain,Starsmeare,sstarsmeare3s@slate.com,Male,205.35.47.4
138,Henriette,Mabb,hmabb3t@state.gov,Female,203.213.239.221
139,Lise,Boughtflower,lboughtflower3u@wiley.com,Female,87.49.97.224
140,Auguste,Shird,ashird3v@comsenz.com,Genderqueer,61.6.19.73
141,Joceline,Duffield,jduffield3w@creativecommons.org,Female,50.25.54.25
142,Johann,Treadgall,jtreadgall3x@illinois.edu,Male,153.146.231.208
143,Ardelia,Chasmer,achasmer3y@theatlantic.com,Female,41.91.229.208
144,Crosby,Entwhistle,centwhistle3z@mapquest.com,Male,16.7.217.58
145,Connor,Ellerton,cellerton40@qq.com,Male,172.137.195.163
146,Tore,Ricart,tricart41@java.com,Male,230.155.172.249
147,Fidela,Straine,fstraine42@omniture.com,Female,192.108.11.93
148,Drew,Illingworth,dillingworth43@eepurl.com,Male,63.157.102.57
149,Pippy,Crosser,pcrosser44@twitpic.com,Female,114.177.159.130
150,Miof mela,Dibb,mdibb45@nytimes.com,Female,193.194.142.129
151,Pall,Roskam,proskam46@bbb.org,Male,224.200.131.240
152,Lyell,Featherstone,lfeatherstone47@google.com,Male,211.180.12.150
153,Corene,Grigor,cgrigor48@chronoengine.com,Female,211.204.16.100
154,Trent,Banaszczyk,tbanaszczyk49@amazon.co.jp,Male,123.195.40.234
155,Ethel,Marguerite,emarguerite4a@google.com,Female,46.188.17.173
156,Palm,Fortman,pfortman4b@themeforest.net,Male,104.56.150.9
157,Baily,Jorg,bjorg4c@drupal.org,Male,157.197.80.100
158,Federico,Trobridge,ftrobridge4d@squidoo.com,Male,224.99.41.242
159,Colene,Patient,cpatient4e@jiathis.com,Female,107.181.151.207
160,Geoffry,Van Baaren,gvanbaaren4f@cisco.com,Male,255.90.37.168
161,Quinn,Darkott,qdarkott4g@goo.gl,Female,150.205.89.59
162,Stevana,McPike,smcpike4h@ebay.com,Agender,20.210.80.64
163,Noak,Joust,njoust4i@cloudflare.com,Male,124.25.182.26
164,Warde,Hellikes,whellikes4j@forbes.com,Male,6.42.119.76
165,Lilllie,Stopforth,lstopforth4k@seattletimes.com,Female,12.18.181.227
166,Ibby,Bullus,ibullus4l@arizona.edu,Female,195.15.171.254
167,Garek,Killoran,gkilloran4m@apache.org,Genderfluid,190.210.91.72
168,Isidoro,Fasse,ifasse4n@intel.com,Male,236.124.210.194
169,Gaven,Job,gjob4o@google.co.jp,Male,121.168.24.11
170,Otis,Mawne,omawne4p@miibeian.gov.cn,Male,250.122.195.69
171,Jesselyn,Battlestone,jbattlestone4q@nyu.edu,Female,135.198.35.230
172,Florie,Sedgemond,fsedgemond4r@globo.com,Female,78.227.145.221
173,Mirabelle,Laville,mlaville4s@sfgate.com,Female,134.248.64.225
174,Morena,Blakebrough,mblakebrough4t@huffingtonpost.com,Female,150.202.152.252
175,Karine,Knappe,kknappe4u@tmall.com,Female,130.61.1.104
176,Kev,Fairall,kfairall4v@ning.com,Male,55.57.51.213
177,Sonny,Laurent,slaurent4w@quantcast.com,Female,119.162.55.155
178,Victoir,Staden,vstaden4x@purevolume.com,Male,114.101.127.212
179,Chrotoem,Effaunt,ceffaunt4y@miibeian.gov.cn,Male,148.106.110.4
180,Chloris,Timbridge,ctimbridge4z@de.vu,Female,183.224.170.248
181,Yvonne,Milburn,ymilburn50@pagesperso-orange.fr,Female,219.231.69.62
182,Nicolis,Yallowley,nyallowley51@utexas.edu,Male,110.89.249.124
183,Caril,Maccari,cmaccari52@odnoklassniki.ru,Female,56.255.231.223
184,Jeremy,Dagnall,jdagnall53@miibeian.gov.cn,Male,176.4.155.225
185,Edmon,Pessel,epessel54@wikimedia.org,Male,104.125.51.219
186,Mylo,Papes,mpapes55@pinterest.com,Male,17.48.197.92
187,Joachim,Reicherz,jreicherz56@scientificamerican.com,Male,45.163.225.59
188,Ruddy,O'Lyhane,rolyhane57@surveymonkey.com,Male,254.121.210.88
189,Sid,Richel,srichel58@va.gov,Male,173.116.230.155
190,Cary,Kemell,ckemell59@hexun.com,Male,17.183.32.51
191,Ciel,Hause,chause5a@google.com.br,Female,89.94.167.224
192,Gian,Adshead,gadshead5b@nasa.gov,Male,50.174.242.211
193,Teresina,Kimbrough,tkimbrough5c@xinhuanet.com,Female,151.15.68.231
194,Camellia,Gabbetis,cgabbetis5d@twitpic.com,Female,89.202.76.35
195,Gaston,Hadeke,ghadeke5e@foxnews.com,Male,249.6.169.136
196,Danna,McCullagh,dmccullagh5f@friendfeed.com,Female,64.172.126.150
197,Sallyanne,Pavie,spavie5g@merriam-webster.com,Non-binary,1.132.133.70
198,Saxe,Rigney,srigney5h@tiny.cc,Male,15.197.37.22
199,Maisie,Heintz,mheintz5i@domainmarket.com,Female,172.213.24.161
200,Terry,Bauchop,tbauchop5j@feedburner.com,Male,70.236.62.210
201,Lesli,Esparza,lesparza5k@yahoo.com,Female,151.13.109.191
202,Brier,Arni,barni5l@dedecms.com,Female,165.76.63.32
203,Christophorus,Pimblotte,cpimblotte5m@rambler.ru,Male,234.22.80.121
204,Bealle,Milliken,bmilliken5n@aboutads.info,Male,228.126.108.39
205,Thomasina,Benmore,tbenmore5o@xinhuanet.com,Female,194.215.208.41
206,Melitta,Tarren,mtarren5p@themeforest.net,Female,88.252.61.126
207,Alis,McInulty,amcinulty5q@51.la,Female,230.233.91.25
208,Emanuele,Shoebrook,eshoebrook5r@shutterfly.com,Male,49.240.114.221
209,Mella,Faudrie,mfaudrie5s@blog.com,Female,97.245.252.205
210,Marysa,Renad,mrenad5t@vistaprint.com,Female,115.174.26.129
211,Tom,O'Clery,toclery5u@bizjournals.com,Male,166.79.84.85
212,Eleen,Cullerne,ecullerne5v@histats.com,Female,135.67.2.10
213,Peta,Ledur,pledur5w@ted.com,Female,107.92.242.38
214,Marylou,Gymlett,mgymlett5x@infoseek.co.jp,Genderqueer,250.152.243.64
215,Elli,Phillimore,ephillimore5y@businesswire.com,Female,81.86.188.118
216,Anestassia,Rickeard,arickeard5z@discuz.net,Female,214.210.180.213
217,Leda,Hould,lhould60@google.it,Female,150.34.228.4
218,Valene,Golton,vgolton61@discuz.net,Genderfluid,148.156.239.41
219,Hertha,Brignall,hbrignall62@ask.com,Female,45.245.226.163
220,Renaldo,Gerriets,rgerriets63@reverbnation.com,Male,176.67.117.7
221,Larry,Duckett,lduckett64@fc2.com,Male,96.46.215.228
222,Jorge,Burleton,jburleton65@smh.com.au,Male,108.211.215.132
223,Clarance,Goly,cgoly66@yelp.com,Male,119.12.89.23
224,Emelia,Rouse,erouse67@cafepress.com,Female,21.249.39.68
225,Robbyn,Larsen,rlarsen68@bandcamp.com,Female,156.224.117.136
226,Filmer,Antonsson,fantonsson69@canalblog.com,Male,236.143.236.53
227,Zara,Growcott,zgrowcott6a@histats.com,Female,35.14.217.191
228,Carleton,Antoney,cantoney6b@wordpress.org,Bigender,146.123.131.164
229,Rupert,De Roos,rderoos6c@arizona.edu,Male,126.150.63.197
230,Elfreda,Whellans,ewhellans6d@bravesites.com,Female,134.99.156.16
231,Waring,Devinn,wdevinn6e@theatlantic.com,Male,240.231.195.85
232,Darcie,Kinnoch,dkinnoch6f@barnesandnoble.com,Female,36.217.31.22
233,Kalina,Amott,kamott6g@networkadvertising.org,Female,231.114.161.242
234,Jamal,Thorington,jthorington6h@imdb.com,Male,0.154.74.39
235,Lissie,Oldridge,loldridge6i@virginia.edu,Female,206.80.52.55
236,Donal,Povah,dpovah6j@tripadvisor.com,Male,69.128.208.232
237,Brion,Awcoate,bawcoate6k@163.com,Male,20.19.81.12
238,Pris,Paxforde,ppaxforde6l@oracle.com,Female,132.6.96.14
239,Alexandro,Jarlmann,ajarlmann6m@accuweather.com,Male,34.80.16.121
240,Michell,Josham,mjosham6n@barnesandnoble.com,Female,81.33.36.86
241,Jillene,Ruste,jruste6o@over-blog.com,Female,126.224.87.139
242,Chickie,Fishbourne,cfishbourne6p@cbslocal.com,Male,10.162.57.216
243,Faith,Posselt,fposselt6q@senate.gov,Female,12.80.128.67
244,Allan,Pearsey,apearsey6r@barnesandnoble.com,Genderfluid,84.166.124.216
245,Evangeline,Borel,eborel6s@marketwatch.com,Female,30.54.43.99
246,Ellissa,Adolf,eadolf6t@newsvine.com,Female,221.197.9.62
247,Haroun,Simmonite,hsimmonite6u@sciencedaily.com,Male,144.8.116.221
248,Osbourn,Scourgie,oscourgie6v@archive.org,Male,227.10.165.109
249,Tore,Tolle,ttolle6w@angelfire.com,Male,76.14.142.112
250,Erick,Lurcock,elurcock6x@huffingtonpost.com,Male,33.120.244.207
251,Bendix,Eastmead,beastmead6y@youtube.com,Male,121.68.34.71
252,Sibeal,Mynott,smynott6z@webs.com,Female,253.116.155.68
253,Garik,Wyse,gwyse70@domainmarket.com,Male,23.93.117.215
254,Bear,Mc Coughan,bmccoughan71@rakuten.co.jp,Male,187.193.250.44
255,Herb,Gahan,hgahan72@gizmodo.com,Male,85.184.30.241
256,Clotilda,De Ambrosi,cdeambrosi73@joomla.org,Female,230.201.24.20
257,Udale,Taffley,utaffley74@whitehouse.gov,Male,8.249.158.192
258,Mirna,Kynaston,mkynaston75@symantec.com,Female,167.126.126.223
259,Merry,Agate,magate76@e-recht24.de,Female,108.33.207.79
260,Minnaminnie,Wombwell,mwombwell77@europa.eu,Female,95.97.54.84
261,Lennie,Hazleton,lhazleton78@google.nl,Male,83.182.227.97
262,Gilberta,Kellick,gkellick79@pagesperso-orange.fr,Female,179.129.55.194
263,Taylor,Graalmans,tgraalmans7a@booking.com,Male,108.107.209.219
264,Sophia,Warrell,swarrell7b@go.com,Female,204.90.127.59
265,Selestina,Fidgett,sfidgett7c@ustream.tv,Female,199.239.148.191
266,Ruddie,Hawkwood,rhawkwood7d@xing.com,Male,204.178.93.135
267,Maire,Marmon,mmarmon7e@t.co,Female,42.182.220.84
268,Russ,Gorton,rgorton7f@uiuc.edu,Male,240.225.85.180
269,Frazer,Juszkiewicz,fjuszkiewicz7g@utexas.edu,Male,46.45.217.230
270,Evy,Tumielli,etumielli7h@ow.ly,Female,45.199.214.15
271,Donetta,McIlrath,dmcilrath7i@php.net,Female,24.168.26.9
272,Anthia,Abrams,aabrams7j@people.com.cn,Female,91.66.157.227
273,Kale,Nano,knano7k@facebook.com,Male,14.88.202.114
274,Sapphire,Corsham,scorsham7l@epa.gov,Non-binary,3.26.191.110
275,Eyde,Baldassi,ebaldassi7m@amazon.co.uk,Female,149.117.52.41
276,Buffy,Bottini,bbottini7n@fc2.com,Female,74.144.185.197
277,Elmira,Satyford,esatyford7o@newsvine.com,Female,72.197.251.99
278,Claudell,Lyddyard,clyddyard7p@hp.com,Male,42.47.12.233
279,Willyt,Bridger,wbridger7q@plala.or.jp,Female,55.120.152.17
280,Natividad,Coulthard,ncoulthard7r@psu.edu,Female,17.231.52.222
281,Dorey,Heaseman,dheaseman7s@usgs.gov,Bigender,205.87.18.154
282,Saundra,Sneaker,ssneaker7t@storify.com,Male,128.6.249.224
283,Ernest,Stout,estout7u@reddit.com,Male,205.0.25.110
284,Cathe,Erni,cerni7v@nature.com,Female,19.240.183.106
285,Nathalia,Prewer,nprewer7w@cloudflare.com,Female,240.56.169.16
286,Rodge,Cordeix,rcordeix7x@va.gov,Non-binary,187.182.73.5
287,Claudianus,McTear,cmctear7y@nymag.com,Male,150.239.124.2
288,Angie,Press,apress7z@opensource.org,Male,32.152.195.149
289,Rosana,Lippini,rlippini80@bloglines.com,Female,83.210.75.138
290,Hubert,Kohnert,hkohnert81@cnbc.com,Male,214.49.149.142
291,Blondie,Kohter,bkohter82@posterous.com,Female,83.50.22.118
292,Gannie,Hartford,ghartford83@google.it,Genderfluid,226.26.79.124
293,Constancia,Chaves,cchaves84@is.gd,Female,173.161.214.185
294,Kristan,Cowden,kcowden85@macromedia.com,Female,246.191.76.84
295,Adams,Truce,atruce86@cdbaby.com,Male,245.243.4.237
296,Curtice,Manlow,cmanlow87@seesaa.net,Male,6.127.33.215
297,Kerrin,Marklin,kmarklin88@discovery.com,Female,121.123.37.239
298,Jacinda,Dowdam,jdowdam89@bravesites.com,Female,9.245.127.246
299,Erie,Canaan,ecanaan8a@ezinearticles.com,Male,137.37.222.80
300,Simmonds,Lait,slait8b@phpbb.com,Polygender,140.214.106.229
301,Ashlie,Hought,ahought8c@mapquest.com,Female,121.230.144.80
302,Pat,Wooderson,pwooderson8d@hp.com,Male,9.35.154.142
303,Mella,Smyley,msmyley8e@boston.com,Female,177.238.194.8
304,Luigi,Hambling,lhambling8f@meetup.com,Male,104.142.5.251
305,Beatrix,Zini,bzini8g@dagondesign.com,Female,98.12.128.123
306,Bucky,McGoldrick,bmcgoldrick8h@twitter.com,Male,106.118.184.207
307,Cornall,Flude,cflude8i@themeforest.net,Male,196.152.206.16
308,Webster,Ronchka,wronchka8j@paginegialle.it,Male,31.113.112.130
309,Isidor,Vaughan-Hughes,ivaughanhughes8k@omniture.com,Male,168.50.20.28
310,Mada,Ayrton,mayrton8l@freewebs.com,Female,241.178.47.74
311,Glynis,Ginity,gginity8m@flavors.me,Female,67.57.227.90
312,Scarface,Pitsall,spitsall8n@newsvine.com,Male,225.135.6.112
313,Riannon,Dubose,rdubose8o@amazon.com,Female,160.81.143.144
314,Alyson,Licquorish,alicquorish8p@aboutads.info,Female,56.227.128.32
315,Garreth,Scannell,gscannell8q@statcounter.com,Male,192.160.121.2
316,Kylynn,Lamy,klamy8r@jigsy.com,Female,195.202.190.214
317,Leighton,Marmon,lmarmon8s@bandcamp.com,Male,132.21.123.59
318,Bronny,Potzold,bpotzold8t@ibm.com,Male,110.87.142.196
319,Arnold,Featherby,afeatherby8u@theglobeandmail.com,Male,223.212.142.47
320,Pablo,Gilbertson,pgilbertson8v@plala.or.jp,Male,10.171.170.20
321,Ker,Fonzo,kfonzo8w@macromedia.com,Male,178.10.133.109
322,Clyve,Stuke,cstuke8x@prweb.com,Male,95.128.230.193
323,Sanderson,Rumford,srumford8y@lulu.com,Male,68.88.64.146
324,Farrah,Bahike,fbahike8z@forbes.com,Female,183.134.34.209
325,Tracy,McKie,tmckie90@behance.net,Male,65.46.37.203
326,Dominick,Bantham,dbantham91@hibu.com,Male,48.119.170.30
327,Holli,Scallan,hscallan92@sciencedaily.com,Female,161.69.6.238
328,Enrichetta,Beadon,ebeadon93@alexa.com,Female,3.51.244.213
329,Orelia,Bolzmann,obolzmann94@umich.edu,Female,133.98.61.188
330,Paulina,Aprahamian,paprahamian95@blogger.com,Female,14.19.27.154
331,Sasha,Witter,switter96@bigcartel.com,Female,213.46.89.204
332,Nealson,Ungerer,nungerer97@reuters.com,Male,194.199.243.181
333,Laurena,Karpenya,lkarpenya98@google.ca,Female,177.42.212.10
334,Laetitia,Vasilyonok,lvasilyonok99@comcast.net,Female,71.202.228.9
335,Sisile,Kennerley,skennerley9a@simplemachines.org,Agender,132.50.128.238
336,Olly,Lofts,olofts9b@senate.gov,Female,126.252.123.104
337,Marlon,Phoenix,mphoenix9c@usda.gov,Male,217.179.186.60
338,Noella,Grocott,ngrocott9d@google.co.jp,Female,88.168.41.140
339,Adrea,Paddy,apaddy9e@networkadvertising.org,Female,191.164.209.228
340,Stephanie,Behnen,sbehnen9f@chron.com,Female,144.17.187.221
341,Correy,Bigadike,cbigadike9g@facebook.com,Male,122.215.89.96
342,Arron,Sineath,asineath9h@answers.com,Male,153.197.69.22
343,Aleksandr,Vankin,avankin9i@dailymail.co.uk,Male,223.226.205.149
344,Bambie,Khadir,bkhadir9j@histats.com,Polygender,120.107.211.187
345,Rayshell,Whitefoot,rwhitefoot9k@liveinternet.ru,Female,9.139.0.140
346,Clair,Kettoe,ckettoe9l@studiopress.com,Non-binary,178.131.2.148
347,Adolph,Earland,aearland9m@oracle.com,Male,31.177.251.116
348,Germaine,Spatoni,gspatoni9n@marketwatch.com,Male,158.203.229.47
349,Jacquenette,Lye,jlye9o@wiley.com,Female,193.213.5.94
350,Ariana,Liverock,aliverock9p@i2i.jp,Female,234.105.140.206
351,Appolonia,Ternouth,aternouth9q@cnn.com,Non-binary,128.14.205.69
352,Tova,Bohan,tbohan9r@google.pl,Female,80.25.57.53
353,Bessie,Hidderley,bhidderley9s@hexun.com,Female,44.159.98.183
354,Clementine,Oaker,coaker9t@woothemes.com,Female,88.249.103.230
355,Kippy,Lightwing,klightwing9u@storify.com,Non-binary,175.54.54.96
356,Chad,Chappelle,cchappelle9v@biblegateway.com,Male,195.144.24.208
357,Stearne,Oxborough,soxborough9w@shop-pro.jp,Male,90.28.65.175
358,Elvera,Durn,edurn9x@fema.gov,Female,149.241.123.206
359,Chrissy,Stickford,cstickford9y@tmall.com,Genderqueer,31.20.71.131
360,Romeo,Chidler,rchidler9z@adobe.com,Male,200.194.73.102
361,Petey,Lindegard,plindegarda0@senate.gov,Male,28.178.183.153
362,Lorilyn,Pencost,lpencosta1@jiathis.com,Female,156.148.246.243
363,Saw,Wardhough,swardhougha2@twitpic.com,Male,149.201.53.133
364,Benji,Frankham,bfrankhama3@cloudflare.com,Male,174.59.204.110
365,Minda,Marmion,mmarmiona4@sun.com,Female,82.122.73.50
366,Euell,McKerley,emckerleya5@abc.net.au,Male,206.35.202.176
367,Giraud,Arsmith,garsmitha6@posterous.com,Male,180.204.145.87
368,Hube,Harrowing,hharrowinga7@usa.gov,Male,215.86.132.223
369,Hazlett,McLenahan,hmclenahana8@cpanel.net,Male,94.201.244.119
370,Annadiana,Lowton,alowtona9@princeton.edu,Female,145.248.210.104
371,Carma,Crocket,ccrocketaa@ebay.co.uk,Bigender,133.134.11.215
372,Waring,Simeone,wsimeoneab@weibo.com,Male,148.153.120.42
373,Daryl,Kupker,dkupkerac@statcounter.com,Female,101.6.200.49
374,Karylin,Dowbakin,kdowbakinad@cbsnews.com,Female,106.227.133.20
375,Brittaney,Faltin,bfaltinae@yahoo.co.jp,Female,7.38.85.143
376,Artemas,Vardy,avardyaf@nih.gov,Male,51.170.31.26
377,Maurene,Eccleston,mecclestonag@shareasale.com,Female,16.188.8.108
378,Heddi,Bernade,hbernadeah@artisteer.com,Female,120.118.193.182
379,Clem,Alabone,calaboneai@dagondesign.com,Male,65.147.56.208
380,Goober,Janas,gjanasaj@yahoo.com,Male,141.196.165.83
381,Romola,Skade,rskadeak@chron.com,Female,121.43.226.134
382,Fianna,Daltry,fdaltryal@biblegateway.com,Female,83.151.65.34
383,Marja,Orrice,morriceam@intel.com,Female,111.122.60.163
384,Rasia,Bance,rbancean@i2i.jp,Female,12.161.129.83
385,Michelle,Wesker,mweskerao@umn.edu,Female,77.168.85.245
386,Patton,Deverille,pdeverilleap@miitbeian.gov.cn,Male,166.127.225.55
387,Carmella,Peschka,cpeschkaaq@yellowbook.com,Female,88.178.144.26
388,Linoel,Lotze,llotzear@bbc.co.uk,Male,247.2.63.78
389,Noni,Everil,neverilas@webnode.com,Female,206.76.31.80
390,Fawne,Danelut,fdanelutat@psu.edu,Female,220.127.253.191
391,Niven,Swallwell,nswallwellau@ow.ly,Male,82.26.24.244
392,Emmet,Catterson,ecattersonav@bloglines.com,Male,213.135.178.213
393,Brittni,Kerwick,bkerwickaw@go.com,Female,78.76.134.209
394,Linoel,Peeke-Vout,lpeekevoutax@baidu.com,Male,243.166.172.73
395,Bebe,Hathorn,bhathornay@nifty.com,Female,10.167.197.179
396,Wadsworth,Sarge,wsargeaz@sitemeter.com,Bigender,48.74.24.156
397,Nathan,Tatlowe,ntatloweb0@adobe.com,Male,127.171.37.236
398,Arney,Verzey,averzeyb1@prnewswire.com,Male,229.190.129.107
399,Fulton,Burkett,fburkettb2@liveinternet.ru,Male,29.162.18.200
400,Justinian,Beeble,jbeebleb3@free.fr,Male,207.67.219.210
401,Gordy,Ibbitson,gibbitsonb4@hubpages.com,Male,54.20.227.142
402,Norrie,Detloff,ndetloffb5@google.ru,Female,146.13.170.138
403,Chanda,Josefs,cjosefsb6@domainmarket.com,Genderqueer,18.29.144.74
404,Elinore,Blumsom,eblumsomb7@ebay.com,Female,246.229.174.75
405,Thaddus,Angrick,tangrickb8@goo.gl,Male,94.29.218.205
406,Ring,Dulson,rdulsonb9@wikispaces.com,Male,0.29.180.230
407,Ulrike,Loreit,uloreitba@artisteer.com,Female,181.118.172.25
408,Cheri,Brunon,cbrunonbb@cisco.com,Female,214.183.214.175
409,Helen-elizabeth,Albrecht,halbrechtbc@stumbleupon.com,Female,71.157.204.187
410,Josh,Boobyer,jboobyerbd@ucla.edu,Male,12.195.144.248
411,Anestassia,Noads,anoadsbe@loc.gov,Female,102.117.186.251
412,Caresa,Pentecust,cpentecustbf@army.mil,Female,241.8.100.56
413,Iain,Cardinal,icardinalbg@angelfire.com,Polygender,10.230.247.89
414,Camellia,Kilfoyle,ckilfoylebh@over-blog.com,Female,101.51.152.173
415,Vanya,Garrity,vgarritybi@topsy.com,Female,226.159.203.218
416,Marylou,Pezey,mpezeybj@foxnews.com,Female,207.63.104.205
417,Hedda,Safont,hsafontbk@icq.com,Female,83.86.71.34
418,Jaclyn,Astle,jastlebl@yandex.ru,Genderfluid,184.164.230.166
419,Dunn,Crisall,dcrisallbm@1und1.de,Male,252.3.191.252
420,Garrik,Ravel,gravelbn@bravesites.com,Male,204.223.219.63
421,Lila,Greenley,lgreenleybo@cnn.com,Female,73.163.41.91
422,Alaric,Slight,aslightbp@nhs.uk,Male,97.129.133.145
423,Doretta,Adanet,dadanetbq@mail.ru,Female,241.52.50.27
424,Darleen,Mullard,dmullardbr@slashdot.org,Female,203.36.225.245
425,Blondie,Tretwell,btretwellbs@canalblog.com,Genderfluid,37.74.90.90
426,Maryjane,Leggs,mleggsbt@wikimedia.org,Female,201.40.231.108
427,Terrye,Conyers,tconyersbu@netlog.com,Female,70.101.115.101
428,Laird,Sondon,lsondonbv@mit.edu,Male,49.210.19.110
429,Angeli,Gawen,agawenbw@amazon.co.jp,Male,131.61.179.90
430,Grover,Ridsdale,gridsdalebx@comsenz.com,Male,220.229.130.165
431,Caril,Eisold,ceisoldby@google.fr,Female,96.191.90.9
432,Elwira,Le Grove,elegrovebz@epa.gov,Female,169.134.192.102
433,Kean,Vittle,kvittlec0@purevolume.com,Male,149.79.75.199
434,Pieter,Pherps,ppherpsc1@auda.org.au,Male,76.12.80.57
435,Desmond,Riddich,driddichc2@ibm.com,Agender,157.183.145.29
436,Gilbertina,Circuitt,gcircuittc3@comcast.net,Female,82.13.171.127
437,Yehudit,Bolley,ybolleyc4@theguardian.com,Male,202.141.157.57
438,Sande,Borrows,sborrowsc5@craigslist.org,Non-binary,75.216.201.128
439,Dotty,Ellif,dellifc6@de.vu,Female,145.80.123.57
440,Homere,Grange,hgrangec7@digg.com,Male,229.196.136.195
441,Henrie,Rickeard,hrickeardc8@washington.edu,Female,154.131.133.233
442,Raul,Heugel,rheugelc9@unblog.fr,Male,42.253.230.160
443,Spencer,Scruton,sscrutonca@patch.com,Male,183.120.104.98
444,Mikaela,Ramshay,mramshaycb@vimeo.com,Female,21.151.167.36
445,Binky,Nell,bnellcc@studiopress.com,Male,166.31.143.67
446,Leon,Beininck,lbeininckcd@sun.com,Bigender,143.32.84.7
447,Enrica,Hutchinges,ehutchingesce@cnet.com,Polygender,90.159.198.161
448,Holly-anne,Looby,hloobycf@shareasale.com,Female,195.19.141.27
449,Cirstoforo,Klaesson,cklaessoncg@wp.com,Male,4.187.158.124
450,Caressa,Vaughan,cvaughanch@163.com,Female,79.184.35.131
451,Catherine,Cherrie,ccherrieci@mtv.com,Non-binary,132.204.27.185
452,Lynna,Gotfrey,lgotfreycj@de.vu,Genderfluid,147.37.12.15
453,Carling,Poter,cpoterck@vkontakte.ru,Agender,116.103.151.88
454,Claudell,Makinson,cmakinsoncl@usnews.com,Male,254.231.248.199
455,Artair,Foard,afoardcm@ovh.net,Bigender,163.72.210.48
456,Idalina,Hightown,ihightowncn@arstechnica.com,Female,20.200.20.203
457,Juditha,Jerram,jjerramco@ucoz.ru,Female,176.128.44.241
458,Wallie,Turl,wturlcp@edublogs.org,Female,109.162.81.252
459,Payton,Carragher,pcarraghercq@gravatar.com,Male,255.88.40.175
460,Nilson,Freeborn,nfreeborncr@seattletimes.com,Male,255.211.159.153
461,Nerta,Bulpitt,nbulpittcs@purevolume.com,Female,207.222.31.205
462,Bartram,Varcoe,bvarcoect@examiner.com,Male,183.208.138.58
463,Jasun,Elflain,jelflaincu@simplemachines.org,Male,189.115.36.113
464,Abbott,Danielut,adanielutcv@amazon.co.uk,Male,95.192.188.122
465,Lydia,Hakeworth,lhakeworthcw@fc2.com,Female,229.9.64.24
466,Manuel,Ridler,mridlercx@elpais.com,Genderfluid,6.115.23.156
467,Janot,Phin,jphincy@chronoengine.com,Polygender,117.240.254.3
468,Paulie,Nutton,pnuttoncz@cmu.edu,Female,211.93.225.214
469,Kimberlee,Bernard,kbernardd0@pbs.org,Agender,254.166.238.103
470,Modesty,Whitehurst,mwhitehurstd1@storify.com,Female,228.142.76.250
471,Sioux,Caudrelier,scaudrelierd2@nyu.edu,Female,84.35.209.44
472,Merci,Andrasch,mandraschd3@elpais.com,Female,54.171.144.207
473,Fredric,Birchill,fbirchilld4@wikispaces.com,Male,62.108.255.135
474,Elwin,Tournay,etournayd5@msu.edu,Male,70.181.126.174
475,Marguerite,Cawte,mcawted6@blog.com,Female,196.176.39.117
476,Federico,Diffley,fdiffleyd7@opera.com,Male,54.31.127.138
477,Shayna,D'Alessio,sdalessiod8@foxnews.com,Agender,136.206.61.130
478,Molli,Spyby,mspybyd9@live.com,Female,206.154.135.117
479,Cozmo,Unitt,cunittda@cargocollective.com,Male,188.176.153.40
480,Ginnie,McCauley,gmccauleydb@feedburner.com,Female,31.189.101.67
481,Corri,Bridgnell,cbridgnelldc@wikia.com,Female,80.34.181.177
482,Linn,McElvogue,lmcelvoguedd@simplemachines.org,Female,102.206.148.224
483,Riannon,Coales,rcoalesde@indiatimes.com,Female,146.94.46.164
484,Beverly,Barkes,bbarkesdf@altervista.org,Female,96.135.93.206
485,Jacinda,Vockins,jvockinsdg@csmonitor.com,Female,61.169.83.173
486,Goldie,McGourty,gmcgourtydh@issuu.com,Female,253.155.137.116
487,Idell,Lanphere,ilanpheredi@arstechnica.com,Female,87.51.214.182
488,Miltie,Gollin,mgollindj@japanpost.jp,Male,131.212.73.61
489,Carlin,Pittway,cpittwaydk@wsj.com,Female,200.182.99.120
490,Tanhya,Mattsson,tmattssondl@wufoo.com,Female,181.0.255.127
491,Lawrence,Stirman,lstirmandm@sbwire.com,Male,91.87.114.76
492,Krystyna,O'Kerin,kokerindn@businessinsider.com,Female,67.102.74.246
493,Germaine,Aries,gariesdo@adobe.com,Male,186.157.251.163
494,Anni,Lillgard,alillgarddp@symantec.com,Female,90.58.113.144
495,Ray,O'Doran,rodorandq@wikispaces.com,Male,115.173.22.159
496,Aloin,Persence,apersencedr@bbb.org,Male,165.66.152.237
497,Becki,Giannasi,bgiannasids@prlog.org,Female,105.0.241.66
498,Gib,Bowlas,gbowlasdt@parallels.com,Male,93.4.251.223
499,Nowell,Fawcitt,nfawcittdu@simplemachines.org,Male,79.241.7.117
500,Jessi,Hundley,jhundleydv@europa.eu,Female,136.130.179.53
501,Gladi,Coxen,gcoxendw@yahoo.co.jp,Female,6.244.154.219
502,Ewan,Levett,elevettdx@clickbank.net,Male,173.220.53.59
503,Leilah,Renoden,lrenodendy@dropbox.com,Female,145.5.179.225
504,Florida,Haukey,fhaukeydz@forbes.com,Female,201.204.86.74
505,Walsh,Horlick,whorlicke0@home.pl,Male,215.6.183.183
506,Upton,Snufflebottom,usnufflebottome1@oracle.com,Male,171.102.65.187
507,Chrisse,Niland,cnilande2@cdbaby.com,Male,246.135.193.244
508,Nathanael,Lathwell,nlathwelle3@geocities.jp,Male,230.167.140.78
509,Jacky,Boij,jboije4@smugmug.com,Male,245.87.67.31
510,Fin,Semble,fsemblee5@gov.uk,Male,240.185.28.16
511,Estele,Glennon,eglennone6@ehow.com,Female,174.229.68.93
512,Dolph,Stannion,dstannione7@jalbum.net,Male,13.134.190.195
513,Karlan,Barlee,kbarleee8@artisteer.com,Male,138.53.81.75
514,Emlyn,Watkiss,ewatkisse9@pinterest.com,Male,227.225.65.45
515,Hadria,Seman,hsemanea@latimes.com,Female,99.248.23.166
516,Katey,Shipman,kshipmaneb@1und1.de,Female,72.117.21.39
517,Cy,Crebbin,ccrebbinec@nhs.uk,Male,42.160.46.47
518,Karoly,Cohalan,kcohalaned@hao123.com,Male,153.206.171.238
519,Hailey,Didsbury,hdidsburyee@ovh.net,Genderqueer,10.235.152.136
520,Brandea,Hainey,bhaineyef@uiuc.edu,Non-binary,30.91.29.14
521,Phoebe,Pinchen,ppincheneg@ihg.com,Female,247.31.141.30
522,Octavius,Imos,oimoseh@1688.com,Male,186.230.245.111
523,Ingelbert,Shrubsall,ishrubsallei@youtube.com,Male,150.45.177.220
524,Bartholomeo,Retallick,bretallickej@sciencedaily.com,Male,36.146.236.212
525,Anette,Endecott,aendecottek@boston.com,Genderqueer,43.144.177.225
526,Lay,Yeaman,lyeamanel@flickr.com,Male,219.146.18.43
527,Kean,Entwisle,kentwisleem@de.vu,Agender,59.132.101.193
528,Lyman,Howgill,lhowgillen@webeden.co.uk,Male,81.174.225.107
529,Arnuad,Mazonowicz,amazonowiczeo@howstuffworks.com,Male,159.94.164.83
530,Lou,Naughton,lnaughtonep@ca.gov,Male,34.69.28.151
531,Salomon,Rasher,srashereq@timesonline.co.uk,Male,147.154.99.171
532,Meryl,Clara,mclaraer@soup.io,Female,27.166.217.156
533,Dick,Shemmin,dshemmines@etsy.com,Agender,86.25.218.119
534,Alejandrina,Uccelli,auccelliet@nytimes.com,Female,239.228.79.226
535,Ban,Lidell,blidelleu@ow.ly,Male,1.81.233.132
536,Dalis,Chadney,dchadneyev@angelfire.com,Agender,133.62.216.96
537,Adler,Servante,aservanteew@sogou.com,Male,96.203.76.138
538,Bogart,Colegrove,bcolegroveex@forbes.com,Genderqueer,155.199.96.138
539,Daniele,Jurkiewicz,djurkiewiczey@privacy.gov.au,Female,202.238.175.208
540,Missie,Vassbender,mvassbenderez@ca.gov,Polygender,8.218.137.190
541,Ileana,Joubert,ijoubertf0@auda.org.au,Female,148.167.1.51
542,Clair,Fawcus,cfawcusf1@skyrock.com,Agender,167.14.19.164
543,Nathaniel,McCrorie,nmccrorief2@4shared.com,Male,244.247.219.129
544,Libbie,Wandrey,lwandreyf3@ed.gov,Female,234.120.5.73
545,Skippy,Simeoni,ssimeonif4@blinklist.com,Male,25.16.142.59
546,Filbert,Hallor,fhallorf5@mashable.com,Male,60.186.241.119
547,Aluino,Achurch,aachurchf6@t.co,Male,58.88.155.56
548,Izak,Coneybeare,iconeybearef7@abc.net.au,Male,243.211.185.152
549,Kellie,McCoughan,kmccoughanf8@chronoengine.com,Female,16.169.160.245
550,Rabi,Haggard,rhaggardf9@sbwire.com,Male,68.45.245.253
551,Rodney,Gillcrist,rgillcristfa@edublogs.org,Genderqueer,31.212.89.170
552,Gabe,Sharma,gsharmafb@acquirethisname.com,Male,69.16.206.12
553,Conrade,Joliffe,cjoliffefc@mit.edu,Male,39.143.85.202
554,Codie,Heamus,cheamusfd@ustream.tv,Female,84.181.230.152
555,Rey,Borgars,rborgarsfe@bloomberg.com,Female,90.122.167.153
556,Kelwin,Fowell,kfowellff@nyu.edu,Male,7.58.78.109
557,Stevena,Trowill,strowillfg@simplemachines.org,Female,39.238.179.59
558,Brooks,Tomaszek,btomaszekfh@ezinearticles.com,Genderfluid,192.44.118.176
559,Clay,Girke,cgirkefi@apple.com,Male,120.80.117.54
560,Aloysius,Westhead,awestheadfj@bizjournals.com,Male,93.250.207.159
561,Federica,Skingle,fskinglefk@vistaprint.com,Female,78.124.147.34
562,Netty,Larmuth,nlarmuthfl@theatlantic.com,Female,27.68.40.214
563,Eyde,Jandel,ejandelfm@geocities.com,Polygender,30.109.61.41
564,Scott,Longland,slonglandfn@smugmug.com,Male,173.241.28.59
565,Nevile,Crut,ncrutfo@nasa.gov,Male,7.246.225.176
566,Killie,Fourmy,kfourmyfp@parallels.com,Male,176.132.149.221
567,Raff,Greenfield,rgreenfieldfq@ucoz.com,Male,146.246.222.39
568,Adolpho,Durie,aduriefr@ft.com,Male,203.168.12.59
569,Denys,Saunter,dsaunterfs@jiathis.com,Male,68.24.44.253
570,Ynez,Milazzo,ymilazzoft@vistaprint.com,Female,27.36.234.41
571,Gael,Di Biagio,gdibiagiofu@cisco.com,Male,253.125.136.40
572,Sibbie,Rawlingson,srawlingsonfv@apache.org,Female,205.157.131.171
573,Franzen,Seneschal,fseneschalfw@ow.ly,Male,7.28.103.82
574,Patrizius,Jorczyk,pjorczykfx@soup.io,Male,82.121.233.125
575,Franni,Castlake,fcastlakefy@wp.com,Agender,147.222.143.201
576,La verne,Dubbin,ldubbinfz@mapy.cz,Polygender,126.138.52.27
577,Johann,Seignior,jseigniorg0@yellowpages.com,Male,176.158.24.33
578,Irvin,Gauvain,igauvaing1@soup.io,Male,213.34.85.212
579,Ario,Jaffa,ajaffag2@t-online.de,Male,128.102.152.230
580,Hilly,Creffield,hcreffieldg3@yelp.com,Male,62.148.24.152
581,Tymon,McAllan,tmcallang4@wisc.edu,Male,12.181.198.39
582,Mordecai,Knibbs,mknibbsg5@newsvine.com,Male,45.20.31.112
583,Nichols,Keitley,nkeitleyg6@washington.edu,Male,107.170.180.115
584,Norry,Knibbs,nknibbsg7@lycos.com,Male,135.109.191.152
585,Paten,Skehan,pskehang8@mozilla.com,Male,223.36.60.228
586,Winnifred,Allitt,wallittg9@census.gov,Female,132.10.25.121
587,Sherwynd,Kose,skosega@ameblo.jp,Male,100.4.208.245
588,Anton,Menhenitt,amenhenittgb@theglobeandmail.com,Male,169.239.198.255
589,Winny,Crosgrove,wcrosgrovegc@lycos.com,Bigender,36.102.162.235
590,Stu,Delmage,sdelmagegd@clickbank.net,Male,22.229.219.212
591,Corbet,Habbon,chabbonge@huffingtonpost.com,Male,67.182.59.137
592,Frazier,Donaghie,fdonaghiegf@moonfruit.com,Male,24.64.205.148
593,Nolie,Amaya,namayagg@de.vu,Female,130.144.97.77
594,Daryle,Lester,dlestergh@google.pl,Male,49.14.82.140
595,Adlai,Wallege,awallegegi@tumblr.com,Male,120.92.4.252
596,Freddy,Enders,fendersgj@unc.edu,Male,123.168.219.94
597,Byran,Luxmoore,bluxmooregk@plala.or.jp,Male,107.115.255.111
598,Norean,Kleinhaut,nkleinhautgl@senate.gov,Female,110.197.23.154
599,Jeremiah,Moehler,jmoehlergm@upenn.edu,Male,150.214.162.235
600,Pauline,Malyj,pmalyjgn@facebook.com,Female,186.46.157.236
601,De witt,Jarritt,djarrittgo@bravesites.com,Male,200.5.96.194
602,Kissie,Whinney,kwhinneygp@livejournal.com,Female,84.228.147.107
603,Dorry,Dymock,ddymockgq@thetimes.co.uk,Female,149.100.178.8
604,Mal,Flisher,mflishergr@parallels.com,Male,183.133.32.225
605,Nat,Howler,nhowlergs@ow.ly,Agender,224.231.252.78
606,Bartel,Mussalli,bmussalligt@bluehost.com,Male,245.151.201.221
607,Glynis,Kynett,gkynettgu@usgs.gov,Female,213.21.193.151
608,Irene,Gero,igerogv@rambler.ru,Female,68.229.255.136
609,Beau,Casswell,bcasswellgw@elegantthemes.com,Male,85.11.53.158
610,Ebenezer,Ranner,erannergx@rakuten.co.jp,Male,4.214.152.22
611,Lilli,McCaw,lmccawgy@youku.com,Genderqueer,229.22.190.137
612,Ruthann,Eccleston,recclestongz@networkadvertising.org,Female,17.162.175.66
613,Fenelia,Civitillo,fcivitilloh0@mashable.com,Female,102.77.193.225
614,Lainey,Kinkade,lkinkadeh1@dion.ne.jp,Female,69.86.12.177
615,Herschel,Summerside,hsummersideh2@geocities.com,Male,254.186.60.125
616,Irena,Brittian,ibrittianh3@skype.com,Female,114.166.183.129
617,Selene,Estoile,sestoileh4@archive.org,Female,89.106.155.229
618,Cathi,Vant,cvanth5@ca.gov,Female,48.32.179.241
619,Daffi,Goosnell,dgoosnellh6@ovh.net,Polygender,98.251.55.215
620,Clarie,Ingolotti,cingolottih7@blog.com,Female,91.200.13.104
621,Tynan,Futter,tfutterh8@toplist.cz,Male,233.177.194.60
622,Mallory,Everingham,meveringhamh9@tuttocitta.it,Male,68.249.253.154
623,Heidie,Duffy,hduffyha@foxnews.com,Female,4.92.106.94
624,Elysee,Crummie,ecrummiehb@mayoclinic.com,Female,185.110.243.211
625,Kamilah,Sporle,ksporlehc@wordpress.org,Female,60.203.131.84
626,Brennan,Lamboll,blambollhd@vk.com,Male,143.136.228.162
627,Carolann,Pharrow,cpharrowhe@apple.com,Female,101.132.153.54
628,Dom,Sidwick,dsidwickhf@addthis.com,Male,10.221.0.187
629,Janis,Guerrin,jguerrinhg@wikipedia.org,Female,47.111.178.240
630,Margeaux,Euler,meulerhh@livejournal.com,Female,31.168.236.194
631,Yulma,Erie,yeriehi@nba.com,Bigender,11.49.99.148
632,Torr,Overel,toverelhj@lulu.com,Male,24.161.167.165
633,Trent,Haycock,thaycockhk@jimdo.com,Male,4.250.35.202
634,Heinrick,Lynde,hlyndehl@buzzfeed.com,Polygender,89.134.33.74
635,Vito,Ormond,vormondhm@dedecms.com,Male,216.44.95.124
636,Wright,Farnfield,wfarnfieldhn@netlog.com,Male,51.108.163.160
637,Chlo,Yakebowitch,cyakebowitchho@sun.com,Female,140.114.4.32
638,Sumner,Goullee,sgoulleehp@jalbum.net,Male,166.70.61.135
639,Anya,Pastor,apastorhq@list-manage.com,Female,13.90.19.105
640,Rainer,Newvell,rnewvellhr@forbes.com,Male,37.18.18.252
641,Darryl,Dowglass,ddowglasshs@samsung.com,Female,27.89.130.222
642,Cole,Schwandner,cschwandnerht@ted.com,Male,53.134.15.127
643,Dominic,Yorke,dyorkehu@elegantthemes.com,Male,251.76.183.105
644,Adolpho,Court,acourthv@wufoo.com,Male,116.229.149.71
645,Paulie,Putton,pputtonhw@moonfruit.com,Genderfluid,140.222.199.223
646,Marvin,Forrestall,mforrestallhx@hugedomains.com,Male,127.31.210.50
647,Nonah,Horrigan,nhorriganhy@bing.com,Female,163.66.213.103
648,Mona,Tollerfield,mtollerfieldhz@blogs.com,Female,140.184.57.46
649,Trevor,Goggins,tgogginsi0@apache.org,Bigender,19.31.179.190
650,Pearce,Boustred,pboustredi1@vinaora.com,Male,35.151.102.43
651,Melisandra,Canas,mcanasi2@surveymonkey.com,Female,29.166.59.22
652,Ajay,O'Rowane,aorowanei3@4shared.com,Female,12.147.203.136
653,Dinny,Pentelo,dpenteloi4@time.com,Female,65.132.221.148
654,Delores,Calbreath,dcalbreathi5@tuttocitta.it,Female,157.167.189.224
655,Fancy,Robbs,frobbsi6@macromedia.com,Female,39.14.68.152
656,Cosimo,Lessmare,clessmarei7@artisteer.com,Male,189.86.16.8
657,Baird,Trencher,btrencheri8@ehow.com,Male,93.191.156.228
658,Jennica,Fiddymont,jfiddymonti9@360.cn,Female,78.180.179.119
659,Dugald,Girodin,dgirodinia@bbc.co.uk,Male,210.149.102.45
660,Archibaldo,De Vaux,adevauxib@naver.com,Male,249.227.53.179
661,Juliana,Boutcher,jboutcheric@sohu.com,Female,95.140.160.249
662,Georgianne,Rumbold,grumboldid@photobucket.com,Bigender,13.148.164.90
663,Lindsay,Cawthry,lcawthryie@guardian.co.uk,Male,9.253.89.184
664,Dorie,Khadir,dkhadirif@liveinternet.ru,Male,179.101.244.218
665,Giustino,Bywater,gbywaterig@dion.ne.jp,Male,121.101.58.110
666,Karlen,Armin,karminih@networksolutions.com,Female,17.113.220.121
667,Natal,Clac,nclacii@lulu.com,Genderqueer,103.201.63.75
668,Catha,De Mars,cdemarsij@paypal.com,Female,75.171.247.13
669,Korie,Missenden,kmissendenik@salon.com,Female,43.26.41.126
670,Brittany,Brendish,bbrendishil@e-recht24.de,Female,24.144.210.159
671,Lucinda,Clemett,lclemettim@google.ru,Female,142.202.82.152
672,Pablo,Coney,pconeyin@wordpress.com,Male,29.72.9.61
673,Klaus,Eddy,keddyio@va.gov,Male,105.227.168.187
674,Brigg,O'Hannen,bohannenip@mtv.com,Male,120.135.136.164
675,Franky,Josephoff,fjosephoffiq@engadget.com,Male,153.211.90.63
676,Darsey,Whitrod,dwhitrodir@nba.com,Female,80.206.208.97
677,Adele,Duce,aduceis@themeforest.net,Female,207.0.96.139
678,Junina,Denes,jdenesit@imdb.com,Female,145.111.85.233
679,Sol,Aldwick,saldwickiu@ycombinator.com,Male,196.204.103.219
680,Jamal,Huby,jhubyiv@simplemachines.org,Male,121.193.13.117
681,Natalya,Kopmann,nkopmanniw@issuu.com,Female,57.137.100.117
682,Caryn,Serris,cserrisix@diigo.com,Female,170.138.95.10
683,Dominga,Flecknell,dflecknelliy@wufoo.com,Female,170.59.62.33
684,Martina,Adamiec,madamieciz@163.com,Female,199.182.151.35
685,Esme,Riedel,eriedelj0@jiathis.com,Male,34.172.24.150
686,Ezekiel,Draayer,edraayerj1@devhub.com,Male,182.52.239.156
687,Ulla,Bayne,ubaynej2@infoseek.co.jp,Female,123.190.234.173
688,Flossi,Farquar,ffarquarj3@opera.com,Female,214.161.39.106
689,Beryl,Cancellario,bcancellarioj4@opensource.org,Female,49.252.113.235
690,Tad,Fawckner,tfawcknerj5@rediff.com,Male,61.212.160.75
691,Winona,Nation,wnationj6@technorati.com,Female,50.102.191.189
692,Arny,Torpie,atorpiej7@sciencedirect.com,Male,19.242.83.176
693,Claudia,Alastair,calastairj8@usa.gov,Female,80.109.254.232
694,Ainslee,Walstow,awalstowj9@people.com.cn,Female,181.254.48.40
695,Wayne,Hazeldean,whazeldeanja@baidu.com,Male,39.200.138.58
696,Maryanna,Paoletti,mpaolettijb@reuters.com,Female,196.51.177.216
697,Mervin,Beasant,mbeasantjc@macromedia.com,Male,234.37.192.237
698,Hagen,Brunelleschi,hbrunelleschijd@themeforest.net,Male,97.134.59.57
699,Phelia,Yanshin,pyanshinje@reference.com,Female,230.177.147.48
700,Winonah,Aubry,waubryjf@irs.gov,Female,87.148.31.58
701,Derrek,Rosenstiel,drosenstieljg@yandex.ru,Male,205.59.100.164
702,Gerardo,Fortey,gforteyjh@t-online.de,Male,111.113.71.74
703,Sharline,Christophersen,schristophersenji@clickbank.net,Female,38.28.196.39
704,Brucie,Hollyman,bhollymanjj@mit.edu,Male,204.23.128.46
705,Lorenza,Coopland,lcooplandjk@fastcompany.com,Female,14.234.41.98
706,Batholomew,Jenny,bjennyjl@sakura.ne.jp,Male,84.206.156.158
707,Colver,Skillitt,cskillittjm@miitbeian.gov.cn,Male,116.163.236.67
708,Kelli,Grigsby,kgrigsbyjn@home.pl,Female,176.122.78.125
709,Keelia,Klementz,kklementzjo@stumbleupon.com,Female,36.8.192.3
710,Olivero,Leicester,oleicesterjp@artisteer.com,Male,73.19.235.127
711,Morly,Lepard,mlepardjq@archive.org,Male,210.182.131.43
712,Chantal,Mougel,cmougeljr@nhs.uk,Female,56.6.17.230
713,Leonerd,Frise,lfrisejs@theglobeandmail.com,Male,124.80.11.160
714,Maura,Cramer,mcramerjt@photobucket.com,Female,156.192.87.204
715,Faina,Sherlaw,fsherlawju@wikimedia.org,Female,148.127.185.88
716,Savina,Neville,snevillejv@springer.com,Female,145.30.169.167
717,Jock,Pacey,jpaceyjw@ucoz.com,Male,201.54.146.73
718,Chrissie,Sall,csalljx@hubpages.com,Female,160.149.5.119
719,Jimmy,Stile,jstilejy@g.co,Male,36.241.252.167
720,Elnora,Howen,ehowenjz@chronoengine.com,Female,135.170.235.224
721,Ferne,Bilsland,fbilslandk0@senate.gov,Female,26.219.49.160
722,Serge,Ardy,sardyk1@uol.com.br,Male,172.206.150.41
723,Nonie,Sears,nsearsk2@theglobeandmail.com,Female,136.228.132.33
724,Jammie,Kinnie,jkinniek3@sun.com,Female,59.207.14.81
725,Auberta,Kestin,akestink4@bbc.co.uk,Female,55.57.180.100
726,Arel,Simmens,asimmensk5@ucoz.com,Male,149.214.174.107
727,Barbie,Fyfield,bfyfieldk6@wisc.edu,Agender,208.189.235.38
728,Orsa,McCombe,omccombek7@gravatar.com,Female,245.237.196.86
729,Alica,Gomby,agombyk8@51.la,Agender,208.145.35.244
730,Augie,Kimmings,akimmingsk9@about.me,Male,64.128.9.211
731,Roger,Mawman,rmawmanka@cam.ac.uk,Male,184.139.161.217
732,Charyl,Frowing,cfrowingkb@chicagotribune.com,Female,200.160.167.158
733,Sasha,Pettendrich,spettendrichkc@digg.com,Female,116.78.196.149
734,Remus,Meakin,rmeakinkd@microsoft.com,Male,74.27.122.37
735,Erick,Coopey,ecoopeyke@qq.com,Male,82.7.100.249
736,Neils,Werrett,nwerrettkf@163.com,Male,125.80.1.170
737,Jon,Fearnsides,jfearnsideskg@tiny.cc,Male,120.18.163.176
738,Donielle,Jerrold,djerroldkh@ycombinator.com,Polygender,83.226.30.228
739,Ulrika,Breakey,ubreakeyki@yolasite.com,Female,119.61.196.58
740,Adore,Maslen,amaslenkj@cisco.com,Female,22.88.26.131
741,Cori,Farnworth,cfarnworthkk@nsw.gov.au,Male,210.200.232.251
742,Zarah,Benstead,zbensteadkl@rediff.com,Female,203.129.206.64
743,Jaye,Fulkes,jfulkeskm@vk.com,Male,180.193.224.224
744,Gael,Gatiss,ggatisskn@creativecommons.org,Female,66.228.164.118
745,Edlin,Utton,euttonko@nhs.uk,Male,33.20.54.105
746,Agnesse,Wiley,awileykp@tinyurl.com,Female,139.181.163.161
747,Lauretta,Strognell,lstrognellkq@imdb.com,Female,37.39.188.67
748,Magdalen,Rushman,mrushmankr@dropbox.com,Female,37.63.154.255
749,Devonna,Joisce,djoisceks@ed.gov,Female,13.227.207.253
750,Francesco,Essberger,fessbergerkt@reference.com,Male,39.248.200.162
751,Dee dee,McClean,dmccleanku@tumblr.com,Bigender,239.124.250.58
752,Jeno,Meas,jmeaskv@tiny.cc,Male,68.107.55.97
753,Rebe,Pendrid,rpendridkw@mozilla.org,Female,185.117.12.135
754,Lanie,Cud,lcudkx@nba.com,Male,162.15.210.182
755,Ingaborg,Meynell,imeynellky@comcast.net,Female,87.48.79.159
756,Anton,Sterley,asterleykz@myspace.com,Bigender,109.28.194.213
757,Elita,Sargison,esargisonl0@aol.com,Female,126.19.39.74
758,Sheela,Leah,sleahl1@nih.gov,Female,114.239.152.185
759,Desirae,Perris,dperrisl2@odnoklassniki.ru,Female,234.61.65.128
760,Dulcy,Neighbour,dneighbourl3@techcrunch.com,Female,225.225.90.93
761,Marcellina,Sharples,msharplesl4@g.co,Female,136.15.131.48
762,Caddric,Flatt,cflattl5@uol.com.br,Male,35.45.250.54
763,Lauryn,Garn,lgarnl6@flavors.me,Female,214.60.52.46
764,Elsworth,Theuss,etheussl7@google.pl,Male,17.185.165.8
765,Tally,Langfield,tlangfieldl8@washington.edu,Male,147.184.250.32
766,Karrie,Kamen,kkamenl9@abc.net.au,Female,52.56.7.62
767,Annadiane,Preshous,apreshousla@elegantthemes.com,Polygender,215.141.57.112
768,Ephraim,Jean,ejeanlb@theatlantic.com,Male,38.130.238.32
769,Kassie,McDermott-Row,kmcdermottrowlc@webs.com,Female,116.250.177.100
770,Meagan,Tarr,mtarrld@baidu.com,Female,112.111.133.219
771,Natka,Ketteman,nkettemanle@yahoo.com,Female,128.137.25.235
772,Dav,Hindes,dhindeslf@gmpg.org,Male,71.222.3.235
773,Laurene,Habbema,lhabbemalg@hao123.com,Female,58.195.217.230
774,Augustine,Wildman,awildmanlh@blinklist.com,Male,183.62.149.252
775,Berthe,Franscioni,bfranscionili@toplist.cz,Female,108.97.236.153
776,Danell,Olanda,dolandalj@slideshare.net,Female,196.205.64.201
777,Freedman,Heephy,fheephylk@amazon.co.jp,Male,205.241.91.216
778,Dotty,Younger,dyoungerll@sfgate.com,Female,144.33.100.184
779,Giff,Dollen,gdollenlm@yelp.com,Male,40.10.84.79
780,Shadow,Tetley,stetleyln@nbcnews.com,Male,76.224.214.0
781,Hewe,Ibbott,hibbottlo@stumbleupon.com,Male,226.85.167.249
782,Tracy,Sparks,tsparkslp@blogspot.com,Female,14.185.81.83
783,Curran,Leacy,cleacylq@yolasite.com,Male,182.41.50.196
784,Irina,Emanuelov,iemanuelovlr@de.vu,Female,0.151.40.236
785,Catlee,Wellstead,cwellsteadls@soundcloud.com,Female,152.248.171.20
786,Bari,Linster,blinsterlt@aol.com,Female,201.88.2.250
787,Myriam,Labrom,mlabromlu@tripod.com,Female,124.84.51.44
788,Lorie,Tarbett,ltarbettlv@nymag.com,Genderqueer,226.26.55.95
789,Myrwyn,Rove,mrovelw@abc.net.au,Male,253.33.211.28
790,Robinet,Lampett,rlampettlx@dailymail.co.uk,Male,2.132.135.240
791,Eleonora,Atkyns,eatkynsly@merriam-webster.com,Female,96.142.219.176
792,Candide,Duley,cduleylz@a8.net,Female,26.168.206.41
793,Hillie,Macari,hmacarim0@craigslist.org,Male,117.212.51.251
794,Jorge,Dutt,jduttm1@slate.com,Male,42.31.224.44
795,Dalia,Leipold,dleipoldm2@hexun.com,Female,44.3.103.246
796,Annetta,Lodeke,alodekem3@biblegateway.com,Female,45.27.197.208
797,Pearline,Kirkwood,pkirkwoodm4@naver.com,Female,234.89.17.4
798,Craggy,McGee,cmcgeem5@amazon.de,Male,229.65.210.98
799,Teodor,Brayfield,tbrayfieldm6@posterous.com,Male,234.169.110.144
800,Monika,Krol,mkrolm7@google.com.hk,Non-binary,75.4.226.231
801,Iona,Ramsbottom,iramsbottomm8@twitpic.com,Female,233.253.179.208
802,Jarret,Raffles,jrafflesm9@cornell.edu,Male,111.112.167.206
803,Alaric,Clery,acleryma@reference.com,Male,55.11.191.249
804,Philippa,Bernade,pbernademb@tripadvisor.com,Female,190.89.237.208
805,Dorise,Yallowley,dyallowleymc@deliciousdays.com,Agender,203.204.136.105
806,Rasla,Broseke,rbrosekemd@yale.edu,Female,95.62.101.191
807,Pattie,Hatherleigh,phatherleighme@acquirethisname.com,Male,70.243.142.3
808,Kiley,Lowle,klowlemf@twitpic.com,Polygender,220.102.87.129
809,Gusella,Chislett,gchislettmg@nymag.com,Female,42.20.0.249
810,Ashley,Aujouanet,aaujouanetmh@army.mil,Male,245.38.71.235
811,Cordelie,Ledley,cledleymi@theatlantic.com,Female,55.78.144.73
812,Baxie,Kingsford,bkingsfordmj@imgur.com,Male,218.163.121.243
813,Cherin,Joule,cjoulemk@slashdot.org,Female,187.155.183.42
814,Maressa,Knuckles,mknucklesml@comcast.net,Female,35.125.129.236
815,Etti,Francino,efrancinomm@google.fr,Genderqueer,103.221.214.62
816,Francisco,Date,fdatemn@nsw.gov.au,Genderqueer,197.238.197.94
817,Byrom,Paal,bpaalmo@twitter.com,Male,34.139.171.227
818,Chickie,Brann,cbrannmp@nbcnews.com,Male,134.191.58.163
819,Janifer,Sapena,jsapenamq@phoca.cz,Female,143.15.233.131
820,Adina,McBeath,amcbeathmr@sina.com.cn,Polygender,209.6.116.59
821,Deana,Ivashinnikov,divashinnikovms@washingtonpost.com,Female,89.168.40.129
822,Tracie,Redman,tredmanmt@ameblo.jp,Male,50.13.228.151
823,Car,Novotne,cnovotnemu@nhs.uk,Male,12.30.246.189
824,Rochella,Derye-Barrett,rderyebarrettmv@ovh.net,Female,189.164.31.123
825,Pet,Josh,pjoshmw@myspace.com,Female,224.191.102.52
826,Anatollo,Dunmuir,adunmuirmx@g.co,Male,127.96.88.39
827,Kiri,Hallihane,khallihanemy@ycombinator.com,Female,219.5.165.4
828,Desi,Neeson,dneesonmz@pen.io,Male,234.165.172.97
829,Ardith,Marriot,amarriotn0@tamu.edu,Female,64.255.242.108
830,Arlette,Olland,aollandn1@ucla.edu,Female,31.36.97.247
831,Keenan,Stripp,kstrippn2@addthis.com,Male,64.36.211.14
832,Sula,Baynham,sbaynhamn3@ow.ly,Female,177.54.77.226
833,Itch,Michurin,imichurinn4@macromedia.com,Male,156.209.127.162
834,Belicia,Maccari,bmaccarin5@biblegateway.com,Female,243.84.113.58
835,Tobe,Dimanche,tdimanchen6@typepad.com,Female,100.218.105.153
836,Alexandro,Gilman,agilmann7@illinois.edu,Male,247.131.230.176
837,Robbert,Impleton,rimpletonn8@uol.com.br,Male,176.155.77.27
838,Cyndie,D'Errico,cderricon9@nih.gov,Female,167.71.127.139
839,Michelina,Nisen,mnisenna@vimeo.com,Female,205.83.255.91
840,Sebastien,Hanselmann,shanselmannnb@phoca.cz,Male,122.28.3.51
841,Mersey,Badgers,mbadgersnc@va.gov,Female,124.144.127.209
842,Gayelord,Manser,gmansernd@mapy.cz,Male,118.191.33.160
843,Andris,Wilford,awilfordne@ucoz.ru,Male,190.113.3.21
844,Christye,Barkway,cbarkwaynf@arizona.edu,Female,216.33.2.9
845,Danyelle,Buckerfield,dbuckerfieldng@abc.net.au,Female,158.83.160.120
846,Vincents,Patinkin,vpatinkinnh@usa.gov,Male,150.34.29.100
847,Feodora,Ghione,fghioneni@sun.com,Female,25.169.34.199
848,Ellary,Oene,eoenenj@squarespace.com,Male,235.181.128.73
849,Jennica,Simson,jsimsonnk@ucoz.com,Female,28.91.240.89
850,Mead,Fishbourn,mfishbournnl@addthis.com,Female,58.9.159.225
851,Mariya,Cardenosa,mcardenosanm@senate.gov,Female,189.139.27.239
852,Lisa,Reddings,lreddingsnn@ebay.co.uk,Female,227.65.38.148
853,Jacklin,Horribine,jhorribineno@eepurl.com,Female,196.238.65.94
854,Danyette,Bellanger,dbellangernp@rambler.ru,Female,242.87.76.205
855,Wendy,McCague,wmccaguenq@theguardian.com,Female,182.81.196.193
856,Emile,Maultby,emaultbynr@jalbum.net,Male,227.110.221.65
857,Alec,Lintot,alintotns@smugmug.com,Male,92.39.204.195
858,Derrek,Pearmain,dpearmainnt@1und1.de,Male,175.24.174.234
859,Burk,Venditti,bvendittinu@admin.ch,Male,200.51.93.11
860,Zackariah,Moppett,zmoppettnv@arizona.edu,Male,49.111.215.21
861,Andris,Speed,aspeednw@trellian.com,Male,168.238.207.122
862,Leslie,Buxsy,lbuxsynx@theguardian.com,Male,60.132.103.66
863,Dunn,Gaynesford,dgaynesfordny@businessweek.com,Male,106.243.179.159
864,Keelby,Sywell,ksywellnz@dmoz.org,Male,10.119.129.53
865,Wilbert,Manueli,wmanuelio0@smugmug.com,Male,255.43.203.43
866,Calida,Hafford,chaffordo1@economist.com,Bigender,120.10.8.203
867,Sol,Ebanks,sebankso2@imageshack.us,Male,141.163.73.88
868,Guy,Clementucci,gclementuccio3@weibo.com,Male,26.25.80.165
869,Sibyl,Sedman,ssedmano4@umn.edu,Female,162.59.164.177
870,Federica,Laughren,flaughreno5@free.fr,Female,72.4.161.183
871,Arlana,Minghetti,aminghettio6@51.la,Polygender,245.119.254.117
872,Ivor,Spat,ispato7@nba.com,Male,130.237.153.49
873,Geraldine,Folshom,gfolshomo8@smh.com.au,Female,249.123.78.22
874,Gigi,Daouze,gdaouzeo9@state.tx.us,Female,239.229.9.202
875,Krishna,Mussotti,kmussottioa@unblog.fr,Genderfluid,248.98.125.192
876,Chickie,Verchambre,cverchambreob@paypal.com,Male,179.91.244.97
877,Ilene,Hakewell,ihakewelloc@php.net,Female,149.32.128.201
878,Jonie,Crevagh,jcrevaghod@gov.uk,Female,44.203.58.22
879,Demott,Nash,dnashoe@newsvine.com,Male,248.49.148.132
880,Alix,Audus,aaudusof@amazon.co.uk,Female,195.27.46.8
881,Vaughn,Osanne,vosanneog@sogou.com,Male,30.5.205.138
882,Robbert,Connichie,rconnichieoh@discuz.net,Male,93.13.127.17
883,Ronnie,Kershaw,rkershawoi@virginia.edu,Polygender,37.19.12.226
884,Donnajean,Peres,dperesoj@joomla.org,Female,248.1.91.215
885,Sande,Macconachy,smacconachyok@discovery.com,Female,120.99.129.194
886,Glynda,Molesworth,gmolesworthol@wikispaces.com,Female,45.176.200.185
887,Charlean,Kennerknecht,ckennerknechtom@yale.edu,Female,188.203.173.184
888,Audie,Ferrino,aferrinoon@hp.com,Female,203.6.164.51
889,Tommy,Simak,tsimakoo@google.es,Female,157.71.132.94
890,Malvina,Abrahamsson,mabrahamssonop@alibaba.com,Female,178.88.133.27
891,Georgeanna,Labat,glabatoq@chicagotribune.com,Female,188.36.99.110
892,Rochester,Reilingen,rreilingenor@yahoo.co.jp,Male,75.47.51.243
893,Kiah,Somerville,ksomervilleos@ocn.ne.jp,Female,3.40.164.1
894,Rosalynd,Mamwell,rmamwellot@multiply.com,Female,112.53.48.93
895,Bryant,Lukins,blukinsou@booking.com,Male,216.51.196.163
896,Afton,Leynton,aleyntonov@usgs.gov,Female,226.0.40.56
897,Caril,Warbys,cwarbysow@ovh.net,Female,120.75.29.251
898,Leeann,Lush,llushox@jimdo.com,Female,29.73.221.187
899,Redford,Ionn,rionnoy@oaic.gov.au,Male,81.62.237.146
900,Anastassia,De Vere,adevereoz@businesswire.com,Female,132.88.106.9
901,Darbie,Palle,dpallep0@admin.ch,Female,187.144.199.27
902,Orbadiah,Jeyes,ojeyesp1@soup.io,Male,245.198.209.65
903,Meredith,Skuce,mskucep2@instagram.com,Female,223.149.198.196
904,Irma,Matuszewski,imatuszewskip3@wordpress.com,Female,82.60.71.200
905,Cathryn,Axell,caxellp4@nbcnews.com,Female,77.119.84.62
906,Hagan,Acreman,hacremanp5@newsvine.com,Male,223.60.91.36
907,Chevy,Bordessa,cbordessap6@ycombinator.com,Male,32.65.70.182
908,Lacee,Fradgley,lfradgleyp7@huffingtonpost.com,Female,193.95.180.244
909,Lilah,Mardlin,lmardlinp8@wisc.edu,Female,101.92.122.149
910,Constantia,Daber,cdaberp9@live.com,Female,133.123.115.37
911,Joyan,Dayly,jdaylypa@gravatar.com,Female,84.109.237.37
912,Bobbi,de Werk,bdewerkpb@feedburner.com,Female,161.225.70.80
913,Maximilianus,Ashington,mashingtonpc@earthlink.net,Male,229.254.71.19
914,Rebecca,Tulleth,rtullethpd@accuweather.com,Genderqueer,125.183.236.217
915,Melly,Dudley,mdudleype@sciencedaily.com,Female,120.67.82.1
916,Willem,Heimann,wheimannpf@delicious.com,Male,105.148.0.66
917,Miriam,Jenking,mjenkingpg@admin.ch,Female,117.244.87.143
918,Wynnie,Staten,wstatenph@unicef.org,Female,145.155.55.204
919,Dwain,Scipsey,dscipseypi@woothemes.com,Male,199.18.150.175
920,Durand,Gyngyll,dgyngyllpj@fotki.com,Male,69.207.35.156
921,Nettle,Sivyer,nsivyerpk@nifty.com,Female,45.173.55.80
922,Prent,Dagwell,pdagwellpl@myspace.com,Male,13.136.22.44
923,Thorsten,Zorzetti,tzorzettipm@sitemeter.com,Genderqueer,31.186.126.53
924,Muire,Ramalhete,mramalhetepn@youtu.be,Female,74.12.142.135
925,Daffie,Pharro,dpharropo@epa.gov,Female,195.26.182.215
926,Eilis,Bromley,ebromleypp@goo.gl,Female,255.179.51.115
927,Karlis,Berndt,kberndtpq@gravatar.com,Male,80.144.124.246
928,Kalvin,Semble,ksemblepr@so-net.ne.jp,Male,134.215.36.13
929,Ginger,Revelle,grevelleps@harvard.edu,Male,90.246.193.161
930,Wells,Bellini,wbellinipt@ihg.com,Bigender,91.189.191.121
931,Malorie,Cuvley,mcuvleypu@typepad.com,Female,158.84.1.186
932,Berkeley,Banting,bbantingpv@cyberchimps.com,Male,15.71.128.25
933,Avigdor,Spendley,aspendleypw@t.co,Polygender,66.27.217.97
934,Hymie,Melley,hmelleypx@nih.gov,Male,250.163.89.89
935,Radcliffe,Hugonnet,rhugonnetpy@loc.gov,Male,242.85.146.127
936,Homerus,Berston,hberstonpz@freewebs.com,Male,25.172.62.35
937,Marcie,Rossey,mrosseyq0@blogtalkradio.com,Female,188.64.81.151
938,Libby,Wanklin,lwanklinq1@salon.com,Female,119.251.211.216
939,Linea,Rochford,lrochfordq2@arizona.edu,Genderfluid,166.255.110.132
940,Killie,Schwandt,kschwandtq3@furl.net,Male,28.174.47.239
941,Pavlov,O' Concannon,poconcannonq4@time.com,Male,54.0.52.153
942,Royce,Storkes,rstorkesq5@godaddy.com,Male,150.77.161.185
943,Oran,Birts,obirtsq6@dagondesign.com,Genderqueer,19.150.36.64
944,Urson,Morrill,umorrillq7@free.fr,Male,63.179.8.197
945,Jessy,Stoneley,jstoneleyq8@cbslocal.com,Female,173.205.46.79
946,Estele,Torfin,etorfinq9@fotki.com,Female,250.210.73.132
947,Stacee,Roland,srolandqa@sciencedirect.com,Male,106.12.151.11
948,Ramonda,Hardern,rhardernqb@comcast.net,Female,103.219.18.117
949,Benni,Fransinelli,bfransinelliqc@gizmodo.com,Female,63.45.113.97
950,Angelica,Capel,acapelqd@ustream.tv,Female,254.162.10.132
951,Sarina,Dono,sdonoqe@bloglines.com,Female,129.97.229.249
952,Alexine,Dunkerly,adunkerlyqf@networksolutions.com,Female,170.51.88.254
953,Donna,Dreus,ddreusqg@blog.com,Female,183.126.55.30
954,Walker,Kobus,wkobusqh@nba.com,Male,180.5.54.114
955,Roberta,Bodycomb,rbodycombqi@si.edu,Female,103.183.189.88
956,North,Jeune,njeuneqj@chronoengine.com,Male,196.110.73.173
957,Rustin,Broadwell,rbroadwellqk@tumblr.com,Agender,37.24.80.106
958,Fernanda,Methven,fmethvenql@weather.com,Female,234.115.40.108
959,Morley,Olden,moldenqm@craigslist.org,Male,195.18.119.67
960,Jinny,De Filippis,jdefilippisqn@bbc.co.uk,Female,171.168.20.179
961,Ferdinand,Shevelin,fshevelinqo@ted.com,Male,195.141.124.159
962,Belva,Siddall,bsiddallqp@fema.gov,Female,147.67.131.127
963,Quinn,Dudden,qduddenqq@sciencedaily.com,Male,5.2.12.10
964,Horatia,Shreeve,hshreeveqr@princeton.edu,Female,121.49.27.5
965,Melloney,Marzella,mmarzellaqs@microsoft.com,Female,216.233.112.21
966,Clair,Dench,cdenchqt@npr.org,Male,185.221.254.65
967,Flynn,Quimby,fquimbyqu@umn.edu,Male,76.14.253.158
968,Ritchie,Graver,rgraverqv@cdbaby.com,Male,179.13.191.217
969,Gradey,Bamford,gbamfordqw@timesonline.co.uk,Male,105.9.9.247
970,Nevile,Maasze,nmaaszeqx@multiply.com,Male,127.172.124.51
971,Jeno,Pawlick,jpawlickqy@usgs.gov,Male,17.21.183.52
972,Lief,Czajkowski,lczajkowskiqz@freewebs.com,Male,93.88.200.248
973,Janna,Mc Caghan,jmccaghanr0@w3.org,Female,24.24.48.20
974,Elana,Tindle,etindler1@nsw.gov.au,Female,229.30.30.69
975,Krista,Kettley,kkettleyr2@theatlantic.com,Female,67.154.57.36
976,Dugald,McGuire,dmcguirer3@tamu.edu,Male,30.175.74.153
977,Orella,Faithfull,ofaithfullr4@reference.com,Female,101.103.72.147
978,Geri,Clemence,gclemencer5@si.edu,Male,175.154.71.253
979,Loraine,Lace,llacer6@sourceforge.net,Female,19.148.155.180
980,Belita,Maccari,bmaccarir7@ox.ac.uk,Female,138.115.160.7
981,Jamesy,Phalp,jphalpr8@twitter.com,Male,227.20.148.193
982,Reynold,Corkett,rcorkettr9@studiopress.com,Male,62.214.182.21
983,Jesse,Manvell,jmanvellra@diigo.com,Female,140.70.140.122
984,Rog,Croasdale,rcroasdalerb@nbcnews.com,Male,98.97.195.145
985,Gray,Waeland,gwaelandrc@homestead.com,Female,165.205.232.180
986,Orelia,Yerson,oyersonrd@linkedin.com,Bigender,226.44.83.157
987,Trista,Gilby,tgilbyre@samsung.com,Female,16.3.15.142
988,Aile,Jodlkowski,ajodlkowskirf@yale.edu,Female,27.20.246.189
989,Hurleigh,Gratten,hgrattenrg@hubpages.com,Male,207.142.77.90
990,Olenolin,Scothorn,oscothornrh@mail.ru,Male,120.103.152.63
991,Mei,Killingworth,mkillingworthri@discuz.net,Bigender,84.249.144.155
992,Myrtie,Zannotelli,mzannotellirj@nyu.edu,Female,10.131.11.147
993,Morlee,Skep,mskeprk@washingtonpost.com,Male,173.5.185.144
994,Carolyn,Latour,clatourrl@slideshare.net,Female,109.165.85.9
995,Durward,Mynett,dmynettrm@stanford.edu,Male,134.143.8.176
996,Danyette,Sprionghall,dsprionghallrn@smh.com.au,Female,10.242.232.228
997,Cynthie,Tolliday,ctollidayro@prnewswire.com,Female,3.95.100.0
998,Batholomew,Walczak,bwalczakrp@google.ru,Male,40.235.255.226
999,Tiphanie,Gudde,tgudderq@miitbeian.gov.cn,Female,57.184.14.97
1000,Mina,Dener,mdenerrr@macromedia.com,Female,24.67.183.97
